t,Q
2010-03-10,0.583
2010-03-11,0.544
2010-03-12,0.501
2010-03-13,0.502
2010-03-14,0.429
2010-03-15,0.422
2010-03-16,0.403
2010-03-17,0.386
2010-03-18,0.368
2010-03-24,0.362
2010-03-25,0.395
2010-03-26,0.38
2010-03-27,0.387
2010-03-28,0.352
2010-03-29,0.356
2010-03-30,0.368
2010-03-31,0.326
2010-04-01,0.277
2010-04-02,0.321
2010-04-03,0.417
2010-04-04,0.611
2010-04-05,0.354
2010-04-06,0.314
2010-04-07,0.314
2010-04-08,0.271
2010-04-09,0.3
2010-04-10,0.326
2010-04-11,0.314
2010-04-12,0.295
2010-04-13,0.294
2010-04-14,0.282
2010-04-15,0.272
2010-04-16,0.264
2010-04-17,0.253
2010-04-18,0.253
2010-04-19,0.248
2010-04-20,0.239
2010-04-21,0.226
2010-04-22,0.222
2010-04-23,0.223
2010-04-24,0.209
2010-04-25,0.203
2010-04-26,0.194
2010-04-27,0.188
2010-04-28,0.178
2010-04-29,0.171
2010-04-30,0.172
2010-05-01,0.166
2010-05-02,0.173
2010-05-03,0.164
2010-05-04,0.147
2010-05-05,0.139
2010-05-06,0.122
2010-05-07,0.097
2010-05-08,0.098
2010-05-09,0.101
2010-05-10,0.101
2010-05-11,0.12
2010-05-12,0.104
2010-05-13,0.098
2010-05-14,0.095
2010-05-15,0.098
2010-05-16,0.091
2010-05-17,0.094
2010-05-18,0.089
2010-05-19,0.088
2010-05-20,0.089
2010-05-21,0.085
2010-05-22,0.082
2010-05-23,0.08
2010-05-24,0.077
2010-05-25,0.12
2010-05-26,1.035
2010-05-27,0.284
2010-05-28,0.168
2010-05-29,0.128
2010-05-30,0.144
2010-05-31,0.162
2010-06-01,0.147
2010-06-02,0.142
2010-06-03,0.1
2010-06-04,0.092
2010-06-05,0.096
2010-06-06,0.099
2010-06-07,0.074
2010-06-08,0.067
2010-06-09,0.066
2010-06-10,0.105
2010-06-11,0.213
2010-06-12,0.115
2010-06-13,0.05
2010-06-14,0.052
2010-06-15,0.066
2010-06-16,0.052
2010-06-17,0.051
2010-06-18,0.053
2010-06-19,0.054
2010-06-20,0.051
2010-06-21,0.046
2010-06-22,0.043
2010-06-23,0.041
2010-06-24,0.045
2010-06-25,0.048
2010-06-26,0.048
2010-06-27,0.046
2010-06-28,0.045
2010-06-29,0.041
2010-06-30,0.041
2010-07-01,0.04
2010-07-02,0.043
2010-07-03,0.045
2010-07-04,0.04
2010-07-05,0.041
2010-07-06,0.04
2010-07-07,0.039
2010-07-08,0.032
2010-07-09,0.032
2010-07-10,0.03
2010-07-11,0.03
2010-07-12,0.032
2010-07-13,0.032
2010-07-14,0.036
2010-07-15,0.036
2010-07-16,0.078
2010-07-17,0.049
2010-07-18,0.041
2010-07-19,0.044
2010-07-20,0.046
2010-07-21,0.055
2010-07-22,0.059
2010-07-23,0.095
2010-07-24,0.059
2010-07-25,0.063
2010-07-26,0.07
2010-07-27,0.052
2010-07-28,0.036
2010-07-29,0.039
2010-07-30,0.035
2010-07-31,0.037
2010-08-01,0.038
2010-08-02,0.035
2010-08-03,0.03
2010-08-04,0.03
2010-08-05,0.033
2010-08-06,0.027
2010-08-07,0.027
2010-08-08,0.027
2010-08-09,0.024
2010-08-10,0.031
2010-08-11,0.039
2010-08-12,0.028
2010-08-13,0.023
2010-08-14,0.023
2010-08-15,0.035
2010-08-16,0.031
2010-08-17,0.026
2010-08-18,0.025
2010-08-19,0.022
2010-08-20,0.016
2010-08-21,0.014
2010-08-22,0.014
2010-08-23,0.018
2010-08-24,0.016
2010-08-25,0.015
2010-08-26,0.026
2010-08-27,0.033
2010-08-28,0.024
2010-08-29,0.018
2010-08-30,0.016
2010-08-31,0.012
2010-09-01,0.014
2010-09-02,0.016
2010-09-03,0.016
2010-09-04,0.016
2010-09-05,0.015
2010-09-06,0.016
2010-09-07,0.02
2010-09-08,0.08
2010-09-09,0.038
2010-09-10,0.025
2010-09-11,0.022
2010-09-12,0.022
2010-09-13,0.018
2010-09-14,0.018
2010-09-15,0.018
2010-09-16,0.018
2010-09-17,0.017
2010-09-18,0.015
2010-09-19,0.015
2010-09-20,0.015
2010-09-21,0.016
2010-09-22,0.017
2010-09-23,0.022
2010-09-24,0.032
2010-09-25,0.027
2010-09-26,0.021
2010-09-27,0.02
2010-09-28,0.02
2010-09-29,0.022
2010-09-30,0.036
2010-10-01,0.047
2010-10-02,0.078
2010-10-03,0.064
2010-10-04,0.251
2010-10-05,0.067
2010-10-06,0.292
2010-10-07,0.082
2010-10-08,0.055
2010-10-09,0.05
2010-10-10,0.043
2010-10-11,0.037
2010-10-12,0.068
2010-10-13,0.032
2010-10-14,0.026
2010-10-15,0.027
2010-10-16,0.029
2010-10-17,0.026
2010-10-18,0.024
2010-10-19,0.024
2010-10-20,0.023
2010-10-21,0.027
2010-10-22,0.033
2010-10-23,0.045
2010-10-24,0.062
2010-10-25,0.075
2010-10-26,0.044
2010-10-27,0.042
2010-10-28,0.041
2010-10-29,0.043
2010-10-30,0.08
2010-10-31,0.093
2010-11-01,0.093
2010-11-02,0.045
2010-11-03,0.031
2010-11-04,0.03
2010-11-05,0.027
2010-11-06,0.031
2010-11-07,0.104
2010-11-08,0.158
2010-11-09,0.121
2010-11-10,0.088
2010-11-11,0.074
2010-11-12,0.084
2010-11-13,1.127
2010-11-14,3.015
2010-11-15,1.096
2010-11-16,0.369
2010-11-17,0.371
2010-11-18,0.335
2010-11-19,0.239
2010-11-20,0.21
2010-11-21,0.183
2010-11-22,0.425
2010-11-23,1.228
2010-11-24,1.944
2010-11-25,3.634
2010-11-26,2.64
2010-11-27,1.855
2010-11-28,2.004
2010-11-29,1.16
2010-11-30,0.908
2010-12-01,0.802
2010-12-02,0.815
2010-12-03,0.891
2010-12-04,1.339
2010-12-05,5.372
2010-12-06,4.741
2010-12-07,2.18
2010-12-08,1.326
2010-12-09,0.959
2010-12-10,0.813
2010-12-11,0.742
2010-12-12,0.68
2010-12-13,0.566
2010-12-14,0.488
2010-12-15,0.457
2010-12-16,0.498
2010-12-17,0.915
2010-12-18,1.047
2010-12-19,1.54
2010-12-20,3.827
2010-12-21,2.579
2010-12-22,1.469
2010-12-23,1.167
2010-12-24,0.911
2010-12-25,0.735
2010-12-26,0.626
2010-12-27,0.61
2010-12-28,0.881
2010-12-29,0.746
2010-12-30,0.646
2010-12-31,0.572
2011-01-01,0.504
2011-01-02,0.477
2011-01-03,0.468
2011-01-04,0.496
2011-01-05,0.485
2011-01-06,0.523
2011-01-07,0.735
2011-01-08,0.807
2011-01-09,0.617
2011-01-10,0.502
2011-01-11,0.664
2011-01-12,0.576
2011-01-13,0.547
2011-01-14,0.593
2011-01-15,0.679
2011-01-16,0.543
2011-01-17,0.517
2011-01-18,0.472
2011-01-19,0.406
2011-01-20,0.386
2011-01-21,0.372
2011-01-22,0.36
2011-01-23,0.364
2011-01-24,0.367
2011-01-25,0.359
2011-01-26,0.557
2011-01-27,0.524
2011-01-28,0.394
2011-01-29,0.36
2011-01-30,0.338
2011-01-31,0.318
2011-02-01,0.304
2011-02-02,0.3
2011-02-03,0.304
2011-02-04,0.297
2011-02-05,0.282
2011-02-06,0.269
2011-02-07,0.267
2011-02-08,0.281
2011-02-09,0.273
2011-02-10,0.267
2011-02-11,0.266
2011-02-12,0.271
2011-02-13,0.279
2011-02-14,0.345
2011-02-15,0.361
2011-02-16,0.318
2011-02-17,0.289
2011-02-18,0.235
2011-02-19,0.398
2011-02-20,0.335
2011-02-21,0.395
2011-02-22,0.779
2011-02-23,0.455
2011-02-24,0.4
2011-02-25,0.354
2011-02-26,0.366
2011-02-27,0.436
2011-02-28,0.744
2011-03-01,0.453
2011-03-02,0.386
2011-03-03,0.348
2011-03-04,0.321
2011-03-05,0.301
2011-03-06,0.289
2011-03-07,0.269
2011-03-08,0.261
2011-03-09,0.255
2011-03-10,0.244
2011-03-11,0.24
2011-03-12,0.253
2011-03-13,0.258
2011-03-14,0.206
2011-03-15,0.203
2011-03-16,0.202
2011-03-17,0.2
2011-03-18,0.192
2011-03-19,0.199
2011-03-20,0.181
2011-03-21,0.179
2011-03-22,0.173
2011-03-23,0.169
2011-03-24,0.17
2011-03-25,0.17
2011-03-26,0.17
2011-03-27,0.171
2011-03-28,0.155
2011-03-29,0.16
2011-03-30,0.165
2011-03-31,0.162
2011-04-01,0.154
2011-04-02,0.157
2011-04-03,0.151
2011-04-04,0.162
2011-04-05,0.146
2011-04-06,0.136
2011-04-07,0.126
2011-04-08,0.122
2011-04-09,0.122
2011-04-10,0.119
2011-04-11,0.116
2011-04-12,0.109
2011-04-13,0.105
2011-04-14,0.108
2011-04-15,0.103
2011-04-16,0.098
2011-04-17,0.097
2011-04-18,0.093
2011-04-19,0.092
2011-04-20,0.086
2011-04-21,0.079
2011-04-22,0.076
2011-04-23,0.071
2011-04-24,0.068
2011-04-25,0.068
2011-04-26,0.066
2011-04-27,0.064
2011-04-28,0.062
2011-04-29,0.069
2011-04-30,0.074
2011-05-01,0.12
2011-05-02,0.108
2011-05-03,0.099
2011-05-04,0.072
2011-05-05,0.066
2011-05-06,0.063
2011-05-07,0.083
2011-05-08,0.169
2011-05-09,0.088
2011-05-10,0.067
2011-05-11,0.059
2011-05-12,0.057
2011-05-13,0.053
2011-05-14,0.052
2011-05-15,0.052
2011-05-16,0.052
2011-05-17,0.053
2011-05-18,0.052
2011-05-19,0.053
2011-05-20,0.047
2011-05-21,0.044
2011-05-22,0.042
2011-05-23,0.042
2011-05-24,0.042
2011-05-25,0.04
2011-05-26,0.04
2011-05-27,0.041
2011-05-28,0.038
2011-05-29,0.037
2011-05-30,0.038
2011-05-31,0.042
2011-06-01,0.035
2011-06-02,0.032
2011-06-03,0.03
2011-06-04,0.031
2011-06-05,0.049
2011-06-06,0.046
2011-06-07,0.04
2011-06-08,0.034
2011-06-09,0.032
2011-06-10,0.031
2011-06-11,0.032
2011-06-12,0.032
2011-06-13,0.044
2011-06-14,0.046
2011-06-15,0.041
2011-06-16,0.037
2011-06-17,0.036
2011-06-18,0.038
2011-06-19,0.038
2011-06-20,0.036
2011-06-21,0.035
2011-06-22,0.03
2011-06-23,0.027
2011-06-24,0.025
2011-06-25,0.025
2011-06-26,0.024
2011-06-27,0.023
2011-06-28,0.022
2011-06-29,0.022
2011-06-30,0.02
2011-07-01,0.019
2011-07-02,0.029
2011-07-03,0.068
2011-07-04,0.063
2011-07-05,0.023
2011-07-06,0.021
2011-07-07,0.018
2011-07-08,0.017
2011-07-09,0.02
2011-07-10,0.019
2011-07-11,0.017
2011-07-12,0.019
2011-07-13,0.022
2011-07-14,0.017
2011-07-15,0.015
2011-07-16,0.017
2011-07-17,0.023
2011-07-18,0.021
2011-07-19,0.054
2011-07-20,0.07
2011-07-21,0.081
2011-07-22,0.039
2011-07-23,0.027
2011-07-24,0.022
2011-07-25,0.024
2011-07-26,0.025
2011-07-27,0.02
2011-07-28,0.018
2011-07-29,0.017
2011-07-30,0.015
2011-07-31,0.014
2011-08-01,0.013
2011-08-02,0.013
2011-08-03,0.014
2011-08-04,0.031
2011-08-05,0.038
2011-08-06,0.025
2011-08-07,0.025
2011-08-08,0.02
2011-08-09,0.016
2011-08-10,0.013
2011-08-11,0.013
2011-08-12,0.014
2011-08-13,0.017
2011-08-14,0.055
2011-08-15,0.026
2011-08-16,0.018
2011-08-17,0.016
2011-08-18,0.015
2011-08-19,0.014
2011-08-20,0.012
2011-08-21,0.011
2011-08-22,0.012
2011-08-23,0.018
2011-08-24,0.018
2011-08-25,0.017
2011-08-26,0.035
2011-08-27,0.057
2011-08-28,0.021
2011-08-29,0.016
2011-08-30,0.014
2011-08-31,0.013
2011-09-01,0.012
2011-09-02,0.012
2011-09-03,0.012
2011-09-04,0.013
2011-09-05,0.014
2011-09-06,0.011
2011-09-07,0.017
2011-09-08,0.013
2011-09-09,0.013
2011-09-10,0.016
2011-09-11,0.018
2011-09-12,0.015
2011-09-13,0.012
2011-09-14,0.011
2011-09-15,0.01
2011-09-16,0.01
2011-09-17,0.009
2011-09-18,0.013
2011-09-19,0.022
2011-09-20,0.016
2011-09-21,0.013
2011-09-22,0.009
2011-09-23,0.008
2011-09-24,0.009
2011-09-25,0.008
2011-09-26,0.008
2011-09-27,0.007
2011-09-28,0.008
2011-09-29,0.008
2011-09-30,0.006
2011-10-01,0.005
2011-10-02,0.005
2011-10-03,0.004
2011-10-04,0.004
2011-10-05,0.005
2011-10-06,0.006
2011-10-07,0.006
2011-10-08,0.006
2011-10-09,0.007
2011-10-10,0.008
2011-10-11,0.008
2011-10-12,0.009
2011-10-13,0.009
2011-10-14,0.009
2011-10-15,0.008
2011-10-16,0.008
2011-10-17,0.008
2011-10-18,0.009
2011-10-19,0.01
2011-10-20,0.015
2011-10-21,0.013
2011-10-22,0.011
2011-10-23,0.011
2011-10-24,0.01
2011-10-25,0.009
2011-10-26,0.01
2011-10-27,0.015
2011-10-28,0.046
2011-10-29,0.022
2011-10-30,0.015
2011-10-31,0.013
2011-11-01,0.013
2011-11-02,0.014
2011-11-03,0.065
2011-11-04,0.065
2011-11-05,0.097
2011-11-06,0.081
2011-11-07,0.031
2011-11-08,0.026
2011-11-09,0.024
2011-11-10,0.021
2011-11-11,0.021
2011-11-12,0.022
2011-11-13,0.02
2011-11-14,0.02
2011-11-15,0.019
2011-11-16,0.019
2011-11-17,0.019
2011-11-18,0.019
2011-11-19,0.019
2011-11-20,0.019
2011-11-21,0.019
2011-11-22,0.02
2011-11-23,0.021
2011-11-24,0.02
2011-11-25,0.021
2011-11-26,0.02
2011-11-27,0.02
2011-11-28,0.021
2011-11-29,0.022
2011-11-30,0.021
2011-12-01,0.091
2011-12-02,0.457
2011-12-03,0.148
2011-12-04,0.115
2011-12-05,0.157
2011-12-06,0.119
2011-12-07,0.092
2011-12-08,0.105
2011-12-09,0.086
2011-12-10,0.076
2011-12-11,0.059
2011-12-12,0.065
2011-12-13,0.245
2011-12-14,0.307
2011-12-15,0.218
2011-12-16,2.056
2011-12-17,1.536
2011-12-18,0.95
2011-12-19,1.41
2011-12-20,1.593
2011-12-21,0.992
2011-12-22,0.682
2011-12-23,0.514
2011-12-24,0.463
2011-12-25,0.379
2011-12-26,0.332
2011-12-27,0.291
2011-12-28,0.276
2011-12-29,0.256
2011-12-30,0.337
2011-12-31,0.678
2012-01-01,0.515
2012-01-02,0.841
2012-01-03,0.5
2012-01-04,0.415
2012-01-05,0.377
2012-01-06,0.327
2012-01-07,0.316
2012-01-08,0.313
2012-01-09,0.292
2012-01-10,0.277
2012-01-11,0.26
2012-01-12,0.246
2012-01-13,0.235
2012-01-14,0.219
2012-01-15,0.209
2012-01-16,0.194
2012-01-17,0.181
2012-01-18,0.179
2012-01-19,0.189
2012-01-20,0.19
2012-01-21,0.188
2012-01-22,0.188
2012-01-23,0.18
2012-01-24,0.173
2012-01-25,0.173
2012-01-26,0.195
2012-01-27,0.177
2012-01-28,0.33
2012-01-29,0.265
2012-01-30,0.517
2012-01-31,0.592
2012-02-01,0.363
2012-02-02,0.289
2012-02-03,0.243
2012-02-04,0.226
2012-02-05,0.853
2012-02-06,0.473
2012-02-07,0.369
2012-02-08,0.32
2012-02-09,0.29
2012-02-10,0.275
2012-02-11,0.24
2012-02-12,0.226
2012-02-13,0.283
2012-02-14,0.33
2012-02-15,0.283
2012-02-16,0.251
2012-02-17,0.232
2012-02-18,0.245
2012-02-19,0.246
2012-02-20,0.205
2012-02-21,0.193
2012-02-22,0.188
2012-02-23,0.195
2012-02-24,0.195
2012-02-25,0.201
2012-02-26,0.21
2012-02-27,0.194
2012-02-28,0.187
2012-02-29,0.18
2012-03-01,0.171
2012-03-02,0.172
2012-03-03,0.172
2012-03-04,0.211
2012-03-05,0.225
2012-03-06,0.2
2012-03-07,0.183
2012-03-08,0.185
2012-03-09,0.163
2012-03-10,0.162
2012-03-11,0.161
2012-03-12,0.162
2012-03-13,0.157
2012-03-14,0.156
2012-03-15,0.15
2012-03-16,0.147
2012-03-17,0.166
2012-03-18,0.292
2012-03-19,0.228
2012-03-20,0.17
2012-03-21,0.161
2012-03-22,0.163
2012-03-23,0.153
2012-03-24,0.147
2012-03-25,0.136
2012-03-26,0.13
2012-03-27,0.125
2012-03-28,0.121
2012-03-29,0.12
2012-03-30,0.113
2012-03-31,0.109
2012-04-01,0.103
2012-04-02,0.103
2012-04-03,0.105
2012-04-04,0.098
2012-04-05,0.09
2012-04-06,0.078
2012-04-07,0.081
2012-04-08,0.087
2012-04-09,0.094
2012-04-10,0.162
2012-04-11,0.12
2012-04-12,0.121
2012-04-13,0.094
2012-04-14,0.099
2012-04-15,0.097
2012-04-16,0.068
2012-04-17,0.066
2012-04-18,0.09
2012-04-19,0.108
2012-04-20,0.185
2012-04-21,0.153
2012-04-22,0.116
2012-04-23,0.287
2012-04-24,0.519
2012-04-25,0.536
2012-04-26,0.364
2012-04-27,0.188
2012-04-28,0.165
2012-04-29,1.382
2012-04-30,0.641
2012-05-01,0.345
2012-05-02,0.262
2012-05-03,0.206
2012-05-04,0.205
2012-05-05,0.205
2012-05-06,0.188
2012-05-07,0.201
2012-05-08,0.198
2012-05-09,0.198
2012-05-10,0.204
2012-05-11,0.181
2012-05-12,0.126
2012-05-13,0.105
2012-05-14,0.099
2012-05-15,0.106
2012-05-16,0.096
2012-05-17,0.089
2012-05-18,0.096
2012-05-19,0.106
2012-05-20,0.233
2012-05-21,0.782
2012-05-22,0.323
2012-05-23,0.184
2012-05-24,0.127
2012-05-25,0.114
2012-05-26,0.115
2012-05-27,0.157
2012-05-28,0.105
2012-05-29,0.085
2012-05-30,0.071
2012-05-31,0.066
2012-06-01,0.061
2012-06-02,0.06
2012-06-03,0.057
2012-06-04,0.052
2012-06-05,0.053
2012-06-06,0.062
2012-06-07,0.068
2012-06-08,0.07
2012-06-09,0.048
2012-06-10,0.053
2012-06-11,0.069
2012-06-12,0.062
2012-06-13,0.065
2012-06-14,0.058
2012-06-15,0.059
2012-06-16,0.06
2012-06-17,0.048
2012-06-18,0.135
2012-06-19,0.062
2012-06-20,0.048
2012-06-21,0.051
2012-06-22,0.05
2012-06-23,0.041
2012-06-24,0.046
2012-06-25,0.079
2012-06-26,0.101
2012-06-27,0.074
2012-06-28,0.062
2012-06-29,0.043
2012-06-30,0.035
2012-07-01,0.033
2012-07-02,0.032
2012-07-03,0.037
2012-07-04,0.038
2012-07-05,0.075
2012-07-06,0.176
2012-07-07,0.149
2012-07-08,0.096
2012-07-09,0.057
2012-07-10,0.05
2012-07-11,0.045
2012-07-12,0.063
2012-07-13,0.237
2012-07-14,0.334
2012-07-15,0.118
2012-07-16,0.068
2012-07-17,0.053
2012-07-18,0.05
2012-07-19,0.043
2012-07-20,0.041
2012-07-21,0.036
2012-07-22,0.031
2012-07-23,0.031
2012-07-24,0.029
2012-07-25,0.027
2012-07-26,0.026
2012-07-27,0.026
2012-07-28,0.025
2012-07-29,0.022
2012-07-30,0.024
2012-07-31,0.024
2012-08-01,0.023
2012-08-02,0.037
2012-08-03,0.027
2012-08-04,0.027
2012-08-05,0.027
2012-08-06,0.024
2012-08-07,0.021
2012-08-08,0.02
2012-08-09,0.019
2012-08-10,0.018
2012-08-11,0.016
2012-08-12,0.015
2012-08-13,0.018
2012-08-14,0.025
2012-08-15,0.024
2012-08-16,0.021
2012-08-17,0.018
2012-08-18,0.014
2012-08-19,0.015
2012-08-20,0.016
2012-08-21,0.015
2012-08-22,0.014
2012-08-23,0.013
2012-08-24,0.014
2012-08-25,0.018
2012-08-26,0.015
2012-08-27,0.014
2012-08-28,0.012
2012-08-29,0.011
2012-08-30,0.014
2012-08-31,0.012
2012-09-01,0.01
2012-09-02,0.012
2012-09-03,0.014
2012-09-04,0.016
2012-09-05,0.014
2012-09-06,0.012
2012-09-07,0.01
2012-09-08,0.009
2012-09-09,0.009
2012-09-10,0.009
2012-09-11,0.009
2012-09-12,0.009
2012-09-13,0.011
2012-09-14,0.009
2012-09-15,0.009
2012-09-16,0.01
2012-09-17,0.01
2012-09-18,0.011
2012-09-19,0.008
2012-09-20,0.007
2012-09-21,0.008
2012-09-22,0.011
2012-09-23,0.014
2012-09-24,0.055
2012-09-25,0.035
2012-09-26,0.02
2012-09-27,0.02
2012-09-28,0.015
2012-09-29,0.012
2012-09-30,0.012
2012-10-01,0.013
2012-10-02,0.016
2012-10-03,0.028
2012-10-04,0.058
2012-10-05,0.032
2012-10-06,0.021
2012-10-07,0.023
2012-10-08,0.07
2012-10-09,0.065
2012-10-10,0.043
2012-10-11,0.278
2012-10-12,0.145
2012-10-13,0.067
2012-10-14,0.057
2012-10-15,0.051
2012-10-16,0.048
2012-10-17,0.163
2012-10-18,0.111
2012-10-19,0.074
2012-10-20,0.066
2012-10-21,0.054
2012-10-22,0.051
2012-10-23,0.049
2012-10-24,0.046
2012-10-25,0.042
2012-10-26,0.042
2012-10-27,0.034
2012-10-28,0.03
2012-10-29,0.032
2012-10-30,0.033
2012-10-31,0.035
2012-11-01,0.053
2012-11-02,0.063
2012-11-03,0.064
2012-11-04,0.082
2012-11-05,0.108
2012-11-06,0.122
2012-11-07,0.09
2012-11-08,0.069
2012-11-09,0.06
2012-11-10,0.074
2012-11-11,0.09
2012-11-12,0.062
2012-11-13,0.055
2012-11-14,0.054
2012-11-15,0.052
2012-11-16,0.051
2012-11-17,0.054
2012-11-18,0.117
2012-11-19,0.082
2012-11-20,0.07
2012-11-21,0.065
2012-11-22,0.056
2012-11-23,0.357
2012-11-24,0.536
2012-11-25,0.411
2012-11-26,0.326
2012-11-27,0.729
2012-11-28,0.674
2012-11-29,0.383
2012-11-30,0.299
2012-12-01,0.261
2012-12-02,0.452
2012-12-03,1.085
2012-12-04,1.262
2012-12-05,2.298
2012-12-06,1.705
2012-12-07,1.675
2012-12-08,1.475
2012-12-09,0.851
2012-12-10,0.801
2012-12-11,0.628
2012-12-12,0.508
2012-12-13,0.582
2012-12-14,1.481
2012-12-15,2.429
2012-12-16,1.583
2012-12-17,1.066
2012-12-18,0.783
2012-12-19,1.88
2012-12-20,3.588
2012-12-21,1.948
2012-12-22,3.37
2012-12-23,2.971
2012-12-24,1.614
2012-12-25,2.124
2012-12-26,1.682
2012-12-27,1.326
2012-12-28,1.035
2012-12-29,0.946
2012-12-30,0.8
2012-12-31,0.903
2013-01-01,2.142
2013-01-02,1.27
2013-01-03,0.945
2013-01-04,0.802
2013-01-05,0.72
2013-01-06,0.674
2013-01-07,0.634
2013-01-08,0.593
2013-01-09,0.608
2013-01-10,0.609
2013-01-11,0.718
2013-01-12,2.177
2013-01-13,1.343
2013-01-14,1.071
2013-01-15,2.109
2013-01-16,1.512
2013-01-17,0.97
2013-01-18,0.871
2013-01-19,1.074
2013-01-20,1.474
2013-01-21,1.521
2013-01-22,2.196
2013-01-23,1.844
2013-01-24,1.089
2013-01-25,0.877
2013-01-26,2.64
2013-01-27,2.241
2013-01-28,1.832
2013-01-29,1.469
2013-01-30,1.191
2013-01-31,0.957
2013-02-01,1.264
2013-02-02,1.981
2013-02-03,1.234
2013-02-04,1.007
2013-02-05,1.81
2013-02-06,2.773
2013-02-07,1.638
2013-02-08,1.517
2013-02-09,1.623
2013-02-10,2.959
2013-02-11,3.238
2013-02-12,1.769
2013-02-13,1.274
2013-02-14,1.272
2013-02-15,1.137
2013-02-16,0.873
2013-02-17,0.769
2013-02-18,0.673
2013-02-19,0.599
2013-02-20,0.564
2013-02-21,0.532
2013-02-22,0.492
2013-02-23,0.474
2013-02-24,0.447
2013-02-25,0.423
2013-02-26,0.438
2013-02-27,0.414
2013-02-28,0.41
2013-03-01,0.391
2013-03-02,0.381
2013-03-03,0.374
2013-03-04,0.362
2013-03-05,0.364
2013-03-06,0.356
2013-03-07,0.362
2013-03-08,2.202
2013-03-09,1.045
2013-03-10,0.561
2013-03-11,4.354
2013-03-12,3.987
2013-03-13,3.132
2013-03-14,3.841
2013-03-15,3.017
2013-03-16,2.454
2013-03-17,2.375
2013-03-18,1.781
2013-03-19,1.463
2013-03-20,1.766
2013-03-21,1.508
2013-03-22,2.998
2013-03-23,1.609
2013-03-24,1.145
2013-03-25,0.9
2013-03-26,0.767
2013-03-27,0.689
2013-03-28,0.611
2013-03-29,0.584
2013-03-30,0.683
2013-03-31,0.573
2013-04-01,0.531
2013-04-02,0.484
2013-04-03,0.446
2013-04-04,0.434
2013-04-05,0.508
2013-04-06,0.56
2013-04-07,0.455
2013-04-08,0.473
2013-04-09,0.6
2013-04-10,0.666
2013-04-11,0.723
2013-04-12,1.009
2013-04-13,0.813
2013-04-14,0.582
2013-04-15,0.487
2013-04-16,0.439
2013-04-17,0.43
2013-04-18,0.383
2013-04-19,0.344
2013-04-20,0.329
2013-04-21,0.321
2013-04-22,0.314
2013-04-23,0.301
2013-04-24,0.289
2013-04-25,0.282
2013-04-26,0.275
2013-04-27,0.265
2013-04-28,0.247
2013-04-29,0.239
2013-04-30,0.22
2013-05-01,0.204
2013-05-02,0.201
2013-05-03,0.197
2013-05-04,0.187
2013-05-05,0.182
2013-05-06,0.177
2013-05-07,0.176
2013-05-08,0.174
2013-05-09,0.162
2013-05-10,0.149
2013-05-11,0.149
2013-05-12,0.144
2013-05-13,0.142
2013-05-14,0.14
2013-05-15,0.145
2013-05-16,0.133
2013-05-17,0.134
2013-05-18,0.125
2013-05-19,0.166
2013-05-20,0.212
2013-05-21,0.162
2013-05-22,0.147
2013-05-23,0.129
2013-05-24,0.119
2013-05-25,0.12
2013-05-26,0.11
2013-05-27,0.109
2013-05-28,0.302
2013-05-29,0.223
2013-05-30,0.167
2013-05-31,0.228
2013-06-01,0.147
2013-06-02,0.12
2013-06-03,0.112
2013-06-04,0.106
2013-06-05,0.105
2013-06-06,0.103
2013-06-07,0.101
2013-06-08,0.174
2013-06-09,0.12
2013-06-10,0.115
2013-06-11,0.113
2013-06-12,0.111
2013-06-13,0.098
2013-06-14,0.088
2013-06-15,0.081
2013-06-16,0.079
2013-06-17,0.088
2013-06-18,0.095
2013-06-19,0.083
2013-06-20,0.095
2013-06-21,0.08
2013-06-22,0.078
2013-06-23,0.07
2013-06-24,0.065
2013-06-25,0.059
2013-06-26,0.058
2013-06-27,0.052
2013-06-28,0.049
2013-06-29,0.052
2013-06-30,0.051
2013-07-01,0.051
2013-07-02,0.049
2013-07-03,0.061
2013-07-04,0.051
2013-07-05,0.047
2013-07-06,0.044
2013-07-07,0.042
2013-07-08,0.04
2013-07-09,0.038
2013-07-10,0.037
2013-07-11,0.036
2013-07-12,0.036
2013-07-13,0.036
2013-07-14,0.035
2013-07-15,0.033
2013-07-16,0.035
2013-07-17,0.035
2013-07-18,0.031
2013-07-19,0.031
2013-07-20,0.032
2013-07-21,0.033
2013-07-22,0.031
2013-07-23,0.032
2013-07-24,0.032
2013-07-25,0.031
2013-07-26,0.028
2013-07-27,0.031
2013-07-28,0.044
2013-07-29,0.039
2013-07-30,0.035
2013-07-31,0.034
2013-08-01,0.03
2013-08-02,0.024
2013-08-03,0.021
2013-08-04,0.021
2013-08-05,0.019
2013-08-06,0.027
2013-08-07,0.047
2013-08-08,0.042
2013-08-09,0.027
2013-08-10,0.021
2013-08-11,0.019
2013-08-12,0.018
2013-08-13,0.018
2013-08-14,0.018
2013-08-15,0.018
2013-08-16,0.016
2013-08-17,0.018
2013-08-18,0.018
2013-08-19,0.018
2013-08-20,0.014
2013-08-21,0.014
2013-08-22,0.013
2013-08-23,0.011
2013-08-24,0.011
2013-08-25,0.093
2013-08-26,0.048
2013-08-27,0.022
2013-08-28,0.019
2013-08-29,0.017
2013-08-30,0.017
2013-08-31,0.017
2013-09-01,0.015
2013-09-02,0.013
2013-09-03,0.014
2013-09-04,0.015
2013-09-05,0.014
2013-09-06,0.015
2013-09-07,0.014
2013-09-08,0.011
2013-09-09,0.013
2013-09-10,0.015
2013-09-11,0.015
2013-09-12,0.014
2013-09-13,0.018
2013-09-14,0.02
2013-09-15,0.019
2013-09-16,0.016
2013-09-17,0.017
2013-09-18,0.018
2013-09-19,0.018
2013-09-20,0.016
2013-09-21,0.015
2013-09-22,0.016
2013-09-23,0.016
2013-09-24,0.015
2013-09-25,0.014
2013-09-26,0.015
2013-09-27,0.014
2013-09-28,0.02
2013-09-29,0.065
2013-09-30,0.028
2013-10-01,0.023
2013-10-02,0.049
2013-10-03,0.05
2013-10-04,0.044
2013-10-05,0.026
2013-10-06,0.022
2013-10-07,0.02
2013-10-08,0.019
2013-10-09,0.02
2013-10-10,0.018
2013-10-11,0.018
2013-10-12,0.043
2013-10-13,0.032
2013-10-14,0.025
2013-10-15,0.018
2013-10-16,0.023
2013-10-17,0.031
2013-10-18,0.027
2013-10-19,0.023
2013-10-20,0.057
2013-10-21,0.061
2013-10-22,0.038
2013-10-23,0.03
2013-10-24,0.027
2013-10-25,0.027
2013-10-26,0.035
2013-10-27,0.026
2013-10-28,0.076
2013-10-29,0.153
2013-10-30,0.047
2013-10-31,0.035
2013-11-01,0.03
2013-11-02,0.055
2013-11-03,0.059
2013-11-04,0.043
2013-11-05,0.098
2013-11-06,0.076
2013-11-07,0.052
2013-11-08,0.167
2013-11-09,0.161
2013-11-10,0.106
2013-11-11,0.137
2013-11-12,0.52
2013-11-13,0.194
2013-11-14,0.129
2013-11-15,0.123
2013-11-16,0.107
2013-11-17,0.091
2013-11-18,0.085
2013-11-19,0.079
2013-11-20,0.107
2013-11-21,0.231
2013-11-22,0.728
2013-11-23,0.426
2013-11-24,0.342
2013-11-25,0.266
2013-11-26,0.23
2013-11-27,0.209
2013-11-28,0.188
2013-11-29,0.183
2013-11-30,0.167
2013-12-01,0.168
2013-12-02,0.151
2013-12-03,0.145
2013-12-04,0.144
2013-12-05,0.132
2013-12-06,0.127
2013-12-07,0.121
2013-12-08,0.115
2013-12-09,0.114
2013-12-10,0.112
2013-12-11,0.111
2013-12-12,0.105
2013-12-13,0.09
2013-12-14,0.09
2013-12-15,0.084
2013-12-16,0.083
2013-12-17,0.114
2013-12-18,0.116
2013-12-19,0.212
2013-12-20,0.153
2013-12-21,0.136
2013-12-22,0.159
2013-12-23,0.166
2013-12-24,1.374
2013-12-25,0.955
2013-12-26,0.448
2013-12-27,0.73
2013-12-28,0.961
2013-12-29,0.531
2013-12-30,0.443
2013-12-31,0.628
2014-01-01,1.156
2014-01-02,2.461
2014-01-03,1.242
2014-01-04,2.154
2014-01-05,2.246
2014-01-06,1.669
2014-01-07,1.438
2014-01-08,2.348
2014-01-09,1.384
2014-01-10,0.99
2014-01-11,0.865
2014-01-12,0.765
2014-01-13,0.814
2014-01-14,1.022
2014-01-15,0.821
2014-01-16,0.929
2014-01-17,0.828
2014-01-18,1.116
2014-01-19,1.556
2014-01-20,0.891
2014-01-21,0.775
2014-01-22,0.776
2014-01-23,0.738
2014-01-24,2.76
2014-01-25,4.889
2014-01-26,2.778
2014-01-27,3.321
2014-01-28,2.274
2014-01-29,1.827
2014-01-30,1.653
2014-01-31,1.324
2014-02-01,3.427
2014-02-02,2.077
2014-02-03,1.393
2014-02-04,1.669
2014-02-05,3.866
2014-02-06,3.132
2014-02-07,6.135
2014-02-08,3.708
2014-02-09,2.914
2014-02-10,2.354
2014-02-11,2.216
2014-02-12,3.026
2014-02-13,3.864
2014-02-14,3.256
2014-02-15,3.064
2014-02-16,1.9
2014-02-17,1.583
2014-02-18,1.333
2014-02-19,1.169
2014-02-20,1.106
2014-02-21,1.037
2014-02-22,1.422
2014-02-23,1.101
2014-02-24,0.946
2014-02-25,1.293
2014-02-26,1.182
2014-02-27,1.192
2014-02-28,1.98
2014-03-01,2.547
2014-03-02,1.555
2014-03-03,2.423
2014-03-04,2.364
2014-03-05,1.592
2014-03-06,1.144
2014-03-07,1.007
2014-03-08,0.932
2014-03-09,0.851
2014-03-10,0.751
2014-03-11,0.686
2014-03-12,0.64
2014-03-13,0.598
2014-03-14,0.567
2014-03-15,0.534
2014-03-16,0.492
2014-03-17,0.476
2014-03-18,0.465
2014-03-19,0.426
2014-03-20,0.422
2014-03-21,1.124
2014-03-22,0.753
2014-03-23,0.745
2014-03-24,0.7
2014-03-25,0.908
2014-03-26,0.643
2014-03-27,0.544
2014-03-28,0.508
2014-03-29,0.469
2014-03-30,0.42
2014-03-31,0.38
2014-04-01,0.36
2014-04-02,0.354
2014-04-03,0.657
2014-04-04,0.517
2014-04-05,0.395
2014-04-06,0.357
2014-04-07,0.35
2014-04-08,0.35
2014-04-09,0.311
2014-04-10,0.297
2014-04-11,0.283
2014-04-12,0.268
2014-04-13,0.254
2014-04-14,0.244
2014-04-15,0.231
2014-04-16,0.217
2014-04-17,0.207
2014-04-18,0.201
2014-04-19,0.198
2014-04-20,0.469
2014-04-21,0.375
2014-04-22,0.277
2014-04-23,0.505
2014-04-24,0.616
2014-04-25,0.358
2014-04-26,0.334
2014-04-27,0.387
2014-04-28,0.438
2014-04-29,0.321
2014-04-30,0.268
2014-05-01,0.298
2014-05-02,0.326
2014-05-03,0.249
2014-05-04,0.217
2014-05-05,0.204
2014-05-06,0.206
2014-05-07,0.203
2014-05-08,0.179
2014-05-09,0.177
2014-05-10,0.176
2014-05-11,0.169
2014-05-12,0.18
2014-05-13,0.178
2014-05-14,0.151
2014-05-15,0.139
2014-05-16,0.128
2014-05-17,0.125
2014-05-18,0.121
2014-05-19,0.117
2014-05-20,0.111
2014-05-21,0.108
2014-05-22,0.15
2014-05-23,0.14
2014-05-24,0.15
2014-05-25,0.129
2014-05-26,0.121
2014-05-27,0.11
2014-05-28,0.102
2014-05-29,0.103
2014-05-30,0.114
2014-05-31,0.096
2014-06-01,0.085
2014-06-02,0.085
2014-06-03,0.092
2014-06-04,0.155
2014-06-05,0.109
2014-06-06,0.086
2014-06-07,0.11
2014-06-08,0.084
2014-06-09,0.076
2014-06-10,0.069
2014-06-11,0.062
2014-06-12,0.06
2014-06-13,0.056
2014-06-14,0.054
2014-06-15,0.054
2014-06-16,0.053
2014-06-17,0.051
2014-06-18,0.05
2014-06-19,0.05
2014-06-20,0.05
2014-06-21,0.046
2014-06-22,0.044
2014-06-23,0.043
2014-06-24,0.039
2014-06-25,0.037
2014-06-26,0.04
2014-06-27,0.052
2014-06-28,0.047
2014-06-29,0.051
2014-06-30,0.044
2014-07-01,0.057
2014-07-02,0.054
2014-07-03,0.039
2014-07-04,0.036
2014-07-05,0.051
2014-07-06,0.374
2014-07-07,0.148
2014-07-08,0.085
2014-07-09,0.058
2014-07-10,0.051
2014-07-11,0.047
2014-07-12,0.045
2014-07-13,0.045
2014-07-14,0.042
2014-07-15,0.04
2014-07-16,0.039
2014-07-17,0.038
2014-07-18,0.035
2014-07-19,0.035
2014-07-20,0.036
2014-07-21,0.034
2014-07-22,0.032
2014-07-23,0.031
2014-07-24,0.034
2014-07-25,0.033
2014-07-26,0.029
2014-07-27,0.028
2014-07-28,0.029
2014-07-29,0.028
2014-07-30,0.027
2014-07-31,0.026
2014-08-01,0.026
2014-08-02,0.027
2014-08-03,0.028
2014-08-04,0.026
2014-08-05,0.025
2014-08-06,0.185
2014-08-07,0.077
2014-08-08,0.047
2014-08-09,0.088
2014-08-10,0.043
2014-08-11,0.037
2014-08-12,0.037
2014-08-13,0.035
2014-08-14,0.05
2014-08-15,0.092
2014-08-16,0.043
2014-08-17,0.037
2014-08-18,0.037
2014-08-19,0.033
2014-08-20,0.033
2014-08-21,0.03
2014-08-22,0.029
2014-08-23,0.03
2014-08-24,0.029
2014-08-25,0.081
2014-08-26,0.15
2014-08-27,0.052
2014-08-28,0.046
2014-08-29,0.047
2014-08-30,0.037
2014-08-31,0.034
2014-09-01,0.032
2014-09-02,0.031
2014-09-03,0.033
2014-09-04,0.029
2014-09-05,0.028
2014-09-06,0.03
2014-09-07,0.028
2014-09-08,0.026
2014-09-09,0.026
2014-09-10,0.026
2014-09-11,0.024
2014-09-12,0.023
2014-09-13,0.023
2014-09-14,0.024
2014-09-15,0.024
2014-09-16,0.024
2014-09-17,0.023
2014-09-18,0.021
2014-09-19,0.023
2014-09-20,0.022
2014-09-21,0.025
2014-09-22,0.027
2014-09-23,0.027
2014-09-24,0.029
2014-09-25,0.03
2014-09-26,0.031
2014-09-27,0.03
2014-09-28,0.03
2014-09-29,0.03
2014-09-30,0.026
2014-10-01,0.021
2014-10-02,0.023
2014-10-03,0.024
2014-10-04,0.024
2014-10-05,0.033
2014-10-06,0.03
2014-10-07,0.037
2014-10-08,0.043
2014-10-09,0.04
2014-10-10,0.027
2014-10-11,0.024
2014-10-12,0.187
2014-10-13,0.316
2014-10-14,0.077
2014-10-15,0.055
2014-10-16,0.099
2014-10-17,0.166
2014-10-18,0.076
2014-10-19,0.049
2014-10-20,0.042
2014-10-21,0.037
2014-10-22,0.033
2014-10-23,0.033
2014-10-24,0.036
2014-10-25,0.038
2014-10-26,0.037
2014-10-27,0.035
2014-10-28,0.035
2014-10-29,0.036
2014-10-30,0.036
2014-10-31,0.034
2014-11-01,0.034
2014-11-02,0.058
2014-11-03,0.219
2014-11-04,0.149
2014-11-05,0.269
2014-11-06,0.206
2014-11-07,0.18
2014-11-08,0.196
2014-11-09,0.406
2014-11-10,0.174
2014-11-11,0.137
2014-11-12,0.165
2014-11-13,0.145
2014-11-14,0.133
2014-11-15,0.128
2014-11-16,0.18
2014-11-17,0.396
2014-11-18,1.909
2014-11-19,0.666
2014-11-20,0.358
2014-11-21,0.287
2014-11-22,0.291
2014-11-23,1.522
2014-11-24,3.204
2014-11-25,2.134
2014-11-26,1.818
2014-11-27,1.977
2014-11-28,1.16
2014-11-29,0.786
2014-11-30,0.614
2014-12-01,0.539
2014-12-02,0.493
2014-12-03,0.543
2014-12-04,0.501
2014-12-05,0.535
2014-12-06,0.776
2014-12-07,0.636
2014-12-08,0.938
2014-12-09,0.828
2014-12-10,0.697
2014-12-11,0.628
2014-12-12,0.879
2014-12-13,3.471
2014-12-14,2.251
2014-12-15,1.212
2014-12-16,1.433
2014-12-17,1.102
2014-12-18,0.935
2014-12-19,0.945
2014-12-20,0.974
2014-12-21,0.753
2014-12-22,0.668
2014-12-23,0.631
2014-12-24,0.59
2014-12-25,0.565
2014-12-26,0.644
2014-12-27,1.575
2014-12-28,1.608
2014-12-29,0.835
2014-12-30,0.706
2014-12-31,0.648
2015-01-01,0.596
2015-01-02,0.57
2015-01-03,0.55
2015-01-04,0.568
2015-01-05,0.544
2015-01-06,0.543
2015-01-07,0.513
2015-01-08,0.783
2015-01-09,0.787
2015-01-10,0.634
2015-01-11,0.614
2015-01-12,0.546
2015-01-13,1.397
2015-01-14,1.471
2015-01-15,2.409
2015-01-16,2.494
2015-01-17,1.828
2015-01-18,2.099
2015-01-19,2.884
2015-01-20,1.68
2015-01-21,1.733
2015-01-22,1.248
2015-01-23,0.977
2015-01-24,0.931
2015-01-25,0.823
2015-01-26,0.776
2015-01-27,0.686
2015-01-28,0.7
2015-01-29,1.495
2015-01-30,3.402
2015-01-31,4.853
2015-02-01,3.645
2015-02-02,2.045
2015-02-03,1.987
2015-02-04,2.211
2015-02-05,1.699
2015-02-06,1.421
2015-02-07,1.082
2015-02-08,0.944
2015-02-09,0.877
2015-02-10,0.836
2015-02-11,0.798
2015-02-12,0.749
2015-02-13,0.986
2015-02-14,1.818
2015-02-15,1.762
2015-02-16,1.756
2015-02-17,3.023
2015-02-18,1.32
2015-02-19,1.111
2015-02-20,1.845
2015-02-21,3.23
2015-02-22,3.1
2015-02-23,3.203
2015-02-24,2.277
2015-02-25,2.022
2015-02-26,2.211
2015-02-27,2.241
2015-02-28,1.579
2015-03-01,1.399
2015-03-02,1.142
2015-03-03,0.998
2015-03-04,0.909
2015-03-05,0.824
2015-03-06,0.783
2015-03-07,0.741
2015-03-08,0.679
2015-03-09,0.616
2015-03-10,0.569
2015-03-11,0.538
2015-03-12,0.523
2015-03-13,0.574
2015-03-14,0.587
2015-03-15,0.514
2015-03-16,0.491
2015-03-17,0.456
2015-03-18,0.421
2015-03-19,0.393
2015-03-20,0.388
2015-03-21,0.376
2015-03-22,0.357
2015-03-23,0.354
2015-03-24,0.362
2015-03-25,0.38
2015-03-26,0.422
2015-03-27,0.37
2015-03-28,0.381
2015-03-29,0.386
2015-03-30,0.785
2015-03-31,0.478
2015-04-01,0.368
2015-04-02,0.351
2015-04-03,0.446
2015-04-04,0.605
2015-04-05,0.422
2015-04-06,0.353
2015-04-07,0.316
2015-04-08,0.295
2015-04-09,0.281
2015-04-10,0.27
2015-04-11,0.255
2015-04-12,0.236
2015-04-13,0.224
2015-04-14,0.217
2015-04-15,0.215
2015-04-16,0.208
2015-04-17,0.199
2015-04-18,0.226
2015-04-19,0.194
2015-04-20,0.183
2015-04-21,0.176
2015-04-22,0.173
2015-04-23,0.17
2015-04-24,0.166
2015-04-25,0.176
2015-04-26,0.17
2015-04-27,0.166
2015-04-28,0.152
2015-04-29,0.181
2015-04-30,0.919
2015-05-01,1.135
2015-05-02,1.001
2015-05-03,1.152
2015-05-04,0.551
2015-05-05,0.575
2015-05-06,0.368
2015-05-07,0.29
2015-05-08,0.271
2015-05-09,0.239
2015-05-10,0.22
2015-05-11,0.195
2015-05-12,0.182
2015-05-13,0.173
2015-05-14,0.184
2015-05-15,0.175
2015-05-16,0.157
2015-05-17,0.146
2015-05-18,0.153
2015-05-19,0.159
2015-05-20,0.179
2015-05-21,0.149
2015-05-22,0.138
2015-05-23,0.141
2015-05-24,0.134
2015-05-25,0.122
2015-05-26,0.113
2015-05-27,0.104
2015-05-28,0.102
2015-05-29,0.101
2015-05-30,0.103
2015-05-31,0.111
2015-06-01,0.109
2015-06-02,0.092
2015-06-03,0.087
2015-06-04,0.079
2015-06-05,0.074
2015-06-06,0.069
2015-06-07,0.065
2015-06-08,0.062
2015-06-09,0.057
2015-06-10,0.059
2015-06-11,0.081
2015-06-12,0.279
2015-06-13,0.205
2015-06-14,0.113
2015-06-15,0.098
2015-06-16,0.085
2015-06-17,0.071
2015-06-18,0.067
2015-06-19,0.066
2015-06-20,0.059
2015-06-21,0.056
2015-06-22,0.056
2015-06-23,0.058
2015-06-24,0.051
2015-06-25,0.048
2015-06-26,0.045
2015-06-27,0.045
2015-06-28,0.044
2015-06-29,0.044
2015-06-30,0.041
2015-07-01,0.037
2015-07-02,0.046
2015-07-03,0.05
2015-07-04,0.041
2015-07-05,0.049
2015-07-06,0.046
2015-07-07,0.039
2015-07-08,0.038
2015-07-09,0.037
2015-07-10,0.036
2015-07-11,0.032
2015-07-12,0.034
2015-07-13,0.034
2015-07-14,0.031
2015-07-15,0.032
2015-07-16,0.031
2015-07-17,0.03
2015-07-18,0.03
2015-07-19,0.033
2015-07-20,0.04
2015-07-21,0.036
2015-07-22,0.033
2015-07-23,0.031
2015-07-24,0.037
2015-07-25,0.039
2015-07-26,0.048
2015-07-27,0.051
2015-07-28,0.039
2015-07-29,0.041
2015-07-30,0.033
2015-07-31,0.03
2015-08-01,0.029
2015-08-02,0.027
2015-08-03,0.025
2015-08-04,0.027
2015-08-05,0.027
2015-08-06,0.024
2015-08-07,0.023
2015-08-08,0.023
2015-08-09,0.022
2015-08-10,0.022
2015-08-11,0.028
2015-08-12,0.031
2015-08-13,0.077
2015-08-14,0.254
2015-08-15,0.125
2015-08-16,0.049
2015-08-17,0.039
2015-08-18,0.034
2015-08-19,0.032
2015-08-20,0.031
2015-08-21,0.03
2015-08-22,0.029
2015-08-23,0.161
2015-08-24,0.334
2015-08-25,0.238
2015-08-26,0.13
2015-08-27,0.197
2015-08-28,0.177
2015-08-29,0.081
2015-08-30,0.065
2015-08-31,0.064
2015-09-01,0.055
2015-09-02,0.045
2015-09-03,0.042
2015-09-04,0.04
2015-09-05,0.04
2015-09-06,0.038
2015-09-07,0.035
2015-09-08,0.035
2015-09-09,0.034
2015-09-10,0.035
2015-09-11,0.037
2015-09-12,0.039
2015-09-13,0.038
2015-09-14,0.041
2015-09-15,0.047
2015-09-16,0.196
2015-09-17,0.155
2015-09-18,0.067
2015-09-19,0.052
2015-09-20,0.044
2015-09-21,0.042
2015-09-22,0.049
2015-09-23,0.045
2015-09-24,0.038
2015-09-25,0.038
2015-09-26,0.037
2015-09-27,0.035
2015-09-28,0.032
2015-09-29,0.031
2015-09-30,0.029
2015-10-01,0.029
2015-10-02,0.028
2015-10-03,0.03
2015-10-04,0.031
2015-10-05,0.037
2015-10-06,0.039
2015-10-07,0.033
2015-10-08,0.03
2015-10-09,0.031
2015-10-10,0.031
2015-10-11,0.031
2015-10-12,0.03
2015-10-13,0.028
2015-10-14,0.028
2015-10-15,0.027
2015-10-16,0.03
2015-10-17,0.03
2015-10-18,0.032
2015-10-19,0.031
2015-10-20,0.03
2015-10-21,0.03
2015-10-22,0.033
2015-10-23,0.033
2015-10-24,0.032
2015-10-25,0.03
2015-10-26,0.03
2015-10-27,0.032
2015-10-28,0.036
2015-10-29,0.034
2015-10-30,0.033
2015-10-31,0.032
2015-11-01,0.031
2015-11-02,0.031
2015-11-03,0.033
2015-11-04,0.035
2015-11-05,0.035
2015-11-06,0.038
2015-11-07,0.039
2015-11-08,0.034
2015-11-09,0.033
2015-11-10,0.032
2015-11-11,0.033
2015-11-12,0.033
2015-11-13,0.033
2015-11-14,0.032
2015-11-15,0.032
2015-11-16,0.032
2015-11-17,0.033
2015-11-18,0.034
2015-11-19,0.033
2015-11-20,0.172
2015-11-21,0.306
2015-11-22,0.167
2015-11-23,0.249
2015-11-24,0.148
2015-11-25,0.219
2015-11-26,0.229
2015-11-27,0.144
2015-11-28,0.139
2015-11-29,0.113
2015-11-30,0.092
2015-12-01,0.082
2015-12-02,0.076
2015-12-03,0.072
2015-12-04,0.072
2015-12-05,0.069
2015-12-06,0.067
2015-12-07,0.064
2015-12-08,0.065
2015-12-09,0.065
2015-12-10,0.062
2015-12-11,0.062
2015-12-12,0.061
2015-12-13,0.06
2015-12-14,0.061
2015-12-15,0.093
2015-12-16,0.172
2015-12-17,0.105
2015-12-18,0.103
2015-12-19,0.093
2015-12-20,0.086
2015-12-21,0.075
2015-12-22,0.071
2015-12-23,0.08
2015-12-24,0.077
2015-12-25,0.082
2015-12-26,0.079
2015-12-27,0.074
2015-12-28,0.073
2015-12-29,0.071
2015-12-30,0.068
2015-12-31,0.074
2016-01-01,0.072
2016-01-02,0.079
2016-01-03,0.123
2016-01-04,0.188
2016-01-05,0.127
2016-01-06,0.15
2016-01-07,0.914
2016-01-08,0.394
2016-01-09,0.481
2016-01-10,0.867
2016-01-11,0.697
2016-01-12,1.337
2016-01-13,0.871
2016-01-14,0.575
2016-01-15,0.543
2016-01-16,0.51
2016-01-17,0.445
2016-01-18,1.566
2016-01-19,1.033
2016-01-20,0.63
2016-01-21,0.5
2016-01-22,0.723
2016-01-23,0.657
2016-01-24,0.521
2016-01-25,0.465
2016-01-26,0.401
2016-01-27,0.61
2016-01-28,1.88
2016-01-29,0.834
2016-01-30,1.235
2016-01-31,1.235
2016-02-01,0.843
2016-02-02,0.741
2016-02-03,0.846
2016-02-04,0.701
2016-02-05,0.622
2016-02-06,0.581
2016-02-07,0.631
2016-02-08,0.723
2016-02-09,2.232
2016-02-10,3.91
2016-02-11,1.57
2016-02-12,1.829
2016-02-13,3.164
2016-02-14,3.566
2016-02-15,1.794
2016-02-16,1.131
2016-02-17,1.031
2016-02-18,2.128
2016-02-19,1.47
2016-02-20,1.048
2016-02-21,0.895
2016-02-22,0.824
2016-02-23,0.833
2016-02-24,0.842
2016-02-25,0.802
2016-02-26,0.692
2016-02-27,0.603
2016-02-28,0.491
2016-02-29,0.434
2016-03-01,0.437
2016-03-02,0.518
2016-03-03,0.577
2016-03-04,0.94
2016-03-05,1.135
2016-03-06,1.892
2016-03-07,1.695
2016-03-08,0.956
2016-03-09,2.745
2016-03-10,4.313
2016-03-11,2.095
2016-03-12,1.293
2016-03-13,1.015
2016-03-14,0.89
2016-03-15,0.786
2016-03-16,0.695
2016-03-17,0.609
2016-03-18,0.55
2016-03-19,0.512
2016-03-20,0.481
2016-03-21,0.451
2016-03-22,0.434
2016-03-23,0.405
2016-03-24,0.384
2016-03-25,0.436
2016-03-26,0.425
2016-03-27,0.582
2016-03-28,1.323
2016-03-29,0.882
2016-03-30,0.574
2016-03-31,0.494
2016-04-01,0.41
2016-04-02,0.385
2016-04-03,0.37
2016-04-04,0.353
2016-04-05,0.323
2016-04-06,0.304
2016-04-07,0.308
2016-04-08,0.292
2016-04-09,0.318
2016-04-10,0.315
2016-04-11,0.28
2016-04-12,0.258
2016-04-13,0.256
2016-04-14,0.266
2016-04-15,0.276
2016-04-16,0.251
2016-04-17,0.229
2016-04-18,0.207
2016-04-19,0.197
2016-04-20,0.191
2016-04-21,0.194
2016-04-22,0.256
2016-04-23,0.221
2016-04-24,0.195
2016-04-25,0.19
2016-04-26,0.213
2016-04-27,0.188
2016-04-28,0.182
2016-04-29,0.201
2016-04-30,0.368
2016-05-01,0.22
2016-05-02,0.186
2016-05-03,0.173
2016-05-04,0.159
2016-05-05,0.151
2016-05-06,0.143
2016-05-07,0.136
2016-05-08,0.133
2016-05-09,0.148
2016-05-10,0.44
2016-05-11,0.196
2016-05-12,0.168
2016-05-13,0.159
2016-05-14,0.136
2016-05-15,0.118
2016-05-16,0.108
2016-05-17,0.104
2016-05-18,0.117
2016-05-19,0.114
2016-05-20,0.102
2016-05-21,0.093
2016-05-22,0.108
2016-05-23,0.091
2016-05-24,0.082
2016-05-25,0.079
2016-05-26,0.093
2016-05-27,0.128
2016-05-28,0.099
2016-05-29,0.095
2016-05-30,0.083
2016-05-31,0.074
2016-06-01,0.075
2016-06-02,0.084
2016-06-03,0.085
2016-06-04,0.081
2016-06-05,0.073
2016-06-06,0.067
2016-06-07,0.065
2016-06-08,0.061
2016-06-09,0.06
2016-06-10,0.059
2016-06-11,0.069
2016-06-12,0.068
2016-06-13,0.067
2016-06-14,0.08
2016-06-15,0.259
2016-06-16,0.173
2016-06-17,0.1
2016-06-18,0.076
2016-06-19,0.061
2016-06-20,0.104
2016-06-21,0.14
2016-06-22,0.096
2016-06-23,0.106
2016-06-24,0.149
2016-06-25,0.087
2016-06-26,0.067
2016-06-27,0.061
2016-06-28,0.057
2016-06-29,0.054
2016-06-30,0.058
2016-07-01,0.057
2016-07-02,0.054
2016-07-03,0.049
2016-07-04,0.05
2016-07-05,0.049
2016-07-06,0.044
2016-07-07,0.043
2016-07-08,0.04
2016-07-09,0.039
2016-07-10,0.037
2016-07-11,0.037
2016-07-12,0.036
2016-07-13,0.06
2016-07-14,0.047
2016-07-15,0.038
2016-07-16,0.036
2016-07-17,0.033
2016-07-18,0.032
2016-07-19,0.03
2016-07-20,0.026
2016-07-21,0.027
2016-07-22,0.028
2016-07-23,0.026
2016-07-24,0.027
2016-07-25,0.027
2016-07-26,0.028
2016-07-27,0.029
2016-07-28,0.03
2016-07-29,0.03
2016-07-30,0.028
2016-07-31,0.028
2016-08-01,0.025
2016-08-02,0.025
2016-08-03,0.028
2016-08-04,0.028
2016-08-05,0.025
2016-08-06,0.023
2016-08-07,0.022
2016-08-08,0.021
2016-08-09,0.021
2016-08-10,0.02
2016-08-11,0.018
2016-08-12,0.019
2016-08-13,0.019
2016-08-14,0.02
2016-08-15,0.019
2016-08-16,0.017
2016-08-17,0.017
2016-08-18,0.02
2016-08-19,0.029
2016-08-20,0.029
2016-08-21,0.02
2016-08-22,0.018
2016-08-23,0.017
2016-08-24,0.017
2016-08-25,0.019
2016-08-26,0.034
2016-08-27,0.019
2016-08-28,0.013
2016-08-29,0.012
2016-08-30,0.013
2016-08-31,0.016
2016-09-01,0.015
2016-09-02,0.015
2016-09-03,0.017
2016-09-04,0.017
2016-09-05,0.017
2016-09-06,0.015
2016-09-07,0.012
2016-09-08,0.011
2016-09-09,0.011
2016-09-10,0.013
2016-09-11,0.017
2016-09-12,0.017
2016-09-13,0.015
2016-09-14,0.027
2016-09-15,0.023
2016-09-16,0.058
2016-09-17,0.029
2016-09-18,0.015
2016-09-19,0.014
2016-09-20,0.013
2016-09-21,0.014
2016-09-22,0.013
2016-09-23,0.012
2016-09-24,0.011
2016-09-25,0.01
2016-09-26,0.01
2016-09-27,0.011
2016-09-28,0.011
2016-09-29,0.01
2016-09-30,0.013
2016-10-01,0.019
2016-10-02,0.018
2016-10-03,0.015
2016-10-04,0.012
2016-10-05,0.011
2016-10-06,0.011
2016-10-07,0.011
2016-10-08,0.013
2016-10-09,0.018
2016-10-10,0.023
2016-10-11,0.022
2016-10-12,0.018
2016-10-13,0.015
2016-10-14,0.015
2016-10-15,0.016
2016-10-16,0.037
2016-10-17,0.031
2016-10-18,0.019
2016-10-19,0.018
2016-10-20,0.02
2016-10-21,0.036
2016-10-22,0.035
2016-10-23,0.031
2016-10-24,0.079
2016-10-25,0.04
2016-10-26,0.03
2016-10-27,0.027
2016-10-28,0.025
2016-10-29,0.024
2016-10-30,0.024
2016-10-31,0.024
2016-11-01,0.023
2016-11-02,0.023
2016-11-03,0.024
2016-11-04,0.027
2016-11-05,0.04
2016-11-06,0.133
2016-11-07,0.309
2016-11-08,0.146
2016-11-09,0.397
2016-11-10,0.312
2016-11-11,0.238
2016-11-12,0.145
2016-11-13,0.173
2016-11-14,0.111
2016-11-15,0.082
2016-11-16,0.074
2016-11-17,0.065
2016-11-18,0.086
2016-11-19,0.084
2016-11-20,0.389
2016-11-21,0.697
2016-11-22,0.553
2016-11-23,0.273
2016-11-24,0.628
2016-11-25,0.345
2016-11-26,0.25
2016-11-27,0.204
2016-11-28,0.175
2016-11-29,0.155
2016-11-30,0.143
2016-12-01,0.138
2016-12-02,0.135
2016-12-03,0.132
2016-12-04,0.126
2016-12-05,0.117
2016-12-06,0.108
2016-12-07,0.102
2016-12-08,0.098
2016-12-09,0.096
2016-12-10,0.093
2016-12-11,0.09
2016-12-12,0.09
2016-12-13,0.108
2016-12-14,0.102
2016-12-15,0.095
2016-12-16,0.092
2016-12-17,0.081
2016-12-18,0.078
2016-12-19,0.085
2016-12-20,0.097
2016-12-21,0.102
2016-12-22,0.377
2016-12-23,0.22
2016-12-24,0.176
2016-12-25,0.159
2016-12-26,0.151
2016-12-27,0.14
2016-12-28,0.133
2016-12-29,0.132
2016-12-30,0.128
2016-12-31,0.129
2017-01-01,0.133
2017-01-02,0.132
2017-01-03,0.118
2017-01-04,0.115
2017-01-05,0.113
2017-01-06,0.109
2017-01-07,0.105
2017-01-08,0.109
2017-01-09,0.122
2017-01-10,0.173
2017-01-11,0.185
2017-01-12,0.195
2017-01-13,0.425
2017-01-14,0.376
2017-01-15,0.45
2017-01-16,0.482
2017-01-17,0.615
2017-01-18,0.402
2017-01-19,0.338
2017-01-20,0.299
2017-01-21,0.27
2017-01-22,0.252
2017-01-23,0.235
2017-01-24,0.218
2017-01-25,0.208
2017-01-26,0.209
2017-01-27,0.213
2017-01-28,0.247
2017-01-29,0.266
2017-01-30,0.336
2017-01-31,0.33
2017-02-01,0.416
2017-02-02,0.394
2017-02-03,0.36
2017-02-04,1.101
2017-02-05,1.908
2017-02-06,2.183
2017-02-07,1.404
2017-02-08,1.039
2017-02-09,0.875
2017-02-10,0.727
2017-02-11,0.681
2017-02-12,0.713
2017-02-13,0.631
2017-02-14,0.504
2017-02-15,0.453
2017-02-16,0.415
2017-02-17,0.392
2017-02-18,0.379
2017-02-19,0.356
2017-02-20,0.347
2017-02-21,0.334
2017-02-22,0.32
2017-02-23,0.32
2017-02-24,0.296
2017-02-25,0.275
2017-02-26,0.269
2017-02-27,0.346
2017-02-28,0.446
2017-03-01,0.576
2017-03-02,0.601
2017-03-03,0.454
2017-03-04,0.414
2017-03-05,0.392
2017-03-06,1.072
2017-03-07,0.975
2017-03-08,0.895
2017-03-09,0.69
2017-03-10,0.592
2017-03-11,0.518
2017-03-12,0.507
2017-03-13,0.474
2017-03-14,0.4
2017-03-15,0.384
2017-03-16,0.384
2017-03-17,0.36
2017-03-18,0.34
2017-03-19,0.323
2017-03-20,0.309
2017-03-21,0.296
2017-03-22,0.299
2017-03-23,0.282
2017-03-24,0.264
2017-03-25,0.25
2017-03-26,0.24
2017-03-27,0.233
2017-03-28,0.203
2017-03-29,0.192
2017-03-30,0.185
2017-03-31,0.18
2017-04-01,0.174
2017-04-02,0.167
2017-04-03,0.158
2017-04-04,0.155
2017-04-05,0.154
2017-04-06,0.147
2017-04-07,0.143
2017-04-08,0.141
2017-04-09,0.132
2017-04-10,0.125
2017-04-11,0.121
2017-04-12,0.119
2017-04-13,0.119
2017-04-14,0.119
2017-04-15,0.112
2017-04-16,0.109
2017-04-17,0.103
2017-04-18,0.099
2017-04-19,0.091
2017-04-20,0.088
2017-04-21,0.089
2017-04-22,0.087
2017-04-23,0.085
2017-04-24,0.082
2017-04-25,0.086
2017-04-26,0.096
2017-04-27,0.102
2017-04-28,0.098
2017-04-29,0.094
2017-04-30,0.124
2017-05-01,0.596
2017-05-02,0.452
2017-05-03,0.214
2017-05-04,0.165
2017-05-05,0.139
2017-05-06,1.052
2017-05-07,0.505
2017-05-08,0.271
2017-05-09,0.185
2017-05-10,0.139
2017-05-11,0.124
2017-05-12,0.211
2017-05-13,0.121
2017-05-14,0.098
2017-05-15,0.093
2017-05-16,0.094
2017-05-17,0.328
2017-05-18,0.483
2017-05-19,0.249
2017-05-20,0.171
2017-05-21,0.141
2017-05-22,0.118
2017-05-23,0.1
2017-05-24,0.093
2017-05-25,0.084
2017-05-26,0.071
2017-05-27,0.06
2017-05-28,0.317
2017-05-29,2.96
2017-05-30,1.169
2017-05-31,0.309
2017-06-01,0.183
2017-06-02,0.15
2017-06-03,0.132
2017-06-04,0.118
2017-06-05,0.129
2017-06-06,0.241
2017-06-07,0.13
2017-06-08,0.109
2017-06-09,0.098
2017-06-10,0.084
2017-06-11,0.073
2017-06-12,0.072
2017-06-13,0.065
2017-06-14,0.065
2017-06-15,0.058
2017-06-16,0.053
2017-06-17,0.051
2017-06-18,0.048
2017-06-19,0.046
2017-06-20,0.043
2017-06-21,0.041
2017-06-22,0.039
2017-06-23,0.041
2017-06-24,0.041
2017-06-25,0.037
2017-06-26,0.037
2017-06-27,0.075
2017-06-28,0.084
2017-06-29,0.051
2017-06-30,0.14
2017-07-01,0.091
2017-07-02,0.057
2017-07-03,0.05
2017-07-04,0.045
2017-07-05,0.042
2017-07-06,0.041
2017-07-07,0.035
2017-07-08,0.032
2017-07-09,0.031
2017-07-10,0.031
2017-07-11,0.03
2017-07-12,0.032
2017-07-13,0.035
2017-07-14,0.03
2017-07-15,0.028
2017-07-16,0.027
2017-07-17,0.028
2017-07-18,0.029
2017-07-19,0.033
2017-07-20,0.035
2017-07-21,0.031
2017-07-22,0.054
2017-07-23,0.043
2017-07-24,0.052
2017-07-25,0.035
2017-07-26,0.047
2017-07-27,0.048
2017-07-28,0.033
2017-07-29,0.029
2017-07-30,0.026
2017-07-31,0.025
2017-08-01,0.025
2017-08-02,0.045
2017-08-03,0.045
2017-08-04,0.031
2017-08-05,0.028
2017-08-06,0.024
2017-08-07,0.023
2017-08-08,0.101
2017-08-09,0.064
2017-08-10,0.147
2017-08-11,0.049
2017-08-12,0.039
2017-08-13,0.035
2017-08-14,0.03
2017-08-15,0.028
2017-08-16,0.027
2017-08-17,0.025
2017-08-18,0.024
2017-08-19,0.021
2017-08-20,0.019
2017-08-21,0.019
2017-08-22,0.021
2017-08-23,0.019
2017-08-24,0.018
2017-08-25,0.019
2017-08-26,0.019
2017-08-27,0.018
2017-08-28,0.016
2017-08-29,0.015
2017-08-30,0.016
2017-08-31,0.024
2017-09-01,0.027
2017-09-02,0.025
2017-09-03,0.044
2017-09-04,0.061
2017-09-05,0.033
2017-09-06,0.025
2017-09-07,0.021
2017-09-08,0.022
2017-09-09,0.023
2017-09-10,0.063
2017-09-11,0.035
2017-09-12,0.026
2017-09-13,0.024
2017-09-14,0.037
2017-09-15,0.116
2017-09-16,0.31
2017-09-17,0.171
2017-09-18,0.08
2017-09-19,0.054
2017-09-20,0.039
2017-09-21,0.038
2017-09-22,0.039
2017-09-23,0.034
2017-09-24,0.033
2017-09-25,0.095
2017-09-26,0.108
2017-09-27,0.057
2017-09-28,0.06
2017-09-29,0.062
2017-09-30,0.081
2017-10-01,0.063
2017-10-02,0.058
2017-10-03,0.058
2017-10-04,0.049
2017-10-05,0.044
2017-10-06,0.04
2017-10-07,0.038
2017-10-08,0.041
2017-10-09,0.052
2017-10-10,0.047
2017-10-11,0.043
2017-10-12,0.043
2017-10-13,0.045
2017-10-14,0.041
2017-10-15,0.041
2017-10-16,0.037
2017-10-17,0.037
2017-10-18,0.058
2017-10-19,0.046
2017-10-20,0.076
2017-10-21,0.055
2017-10-22,0.042
2017-10-23,0.047
2017-10-24,0.062
2017-10-25,0.047
2017-10-26,0.044
2017-10-27,0.041
2017-10-28,0.041
2017-10-29,0.041
2017-10-30,0.043
2017-10-31,0.041
2017-11-01,0.053
2017-11-02,0.044
2017-11-03,0.065
2017-11-04,0.051
2017-11-05,0.106
2017-11-06,0.178
2017-11-07,0.102
2017-11-08,0.271
2017-11-09,0.139
2017-11-10,0.147
2017-11-11,0.186
2017-11-12,0.223
2017-11-13,0.182
2017-11-14,0.13
2017-11-15,0.115
2017-11-16,0.101
2017-11-17,0.092
2017-11-18,0.087
2017-11-19,0.084
2017-11-20,0.086
2017-11-21,0.083
2017-11-22,0.112
2017-11-23,0.091
2017-11-24,0.242
2017-11-25,0.353
2017-11-26,1.29
2017-11-27,0.648
2017-11-28,2.159
2017-11-29,2.414
2017-11-30,1.325
2017-12-01,1.144
2017-12-02,0.911
2017-12-03,0.745
2017-12-04,0.709
2017-12-05,0.565
2017-12-06,0.48
2017-12-07,0.475
2017-12-08,0.519
2017-12-09,0.72
2017-12-10,2.565
2017-12-11,8.391
2017-12-12,5.187
2017-12-13,2.562
2017-12-14,2.294
2017-12-15,2.718
2017-12-16,2.002
2017-12-17,3.163
2017-12-18,2.619
2017-12-19,1.74
2017-12-20,1.38
2017-12-21,1.233
2017-12-22,1.163
2017-12-23,1.071
2017-12-24,0.996
2017-12-25,0.992
2017-12-26,3.618
2017-12-27,2.761
2017-12-28,2.271
2017-12-29,1.761
2017-12-30,2.061
2017-12-31,1.972
2018-01-01,3.117
2018-01-02,3.301
2018-01-03,2.091
2018-01-04,5.042
2018-01-05,3.295
2018-01-06,2.012
2018-01-07,1.564
2018-01-08,1.392
2018-01-09,1.221
2018-01-10,1.099
2018-01-11,0.973
2018-01-12,0.834
2018-01-13,0.808
2018-01-14,0.721
2018-01-15,0.856
2018-01-16,1.121
2018-01-17,1.848
2018-01-18,1.804
2018-01-19,1.74
2018-01-20,2.626
2018-01-21,2.502
2018-01-22,1.711
2018-01-23,1.313
2018-01-24,1.422
2018-01-25,2.738
2018-01-26,1.525
2018-01-27,1.165
2018-01-28,1.063
2018-01-29,0.986
2018-01-30,0.916
2018-01-31,1.111
2018-02-01,2.547
2018-02-02,2.796
2018-02-03,1.999
2018-02-04,2.671
2018-02-05,1.599
2018-02-06,1.373
2018-02-07,1.422
2018-02-08,1.097
2018-02-09,1.261
2018-02-10,1.028
2018-02-11,1.034
2018-02-12,1.027
2018-02-13,1.715
2018-02-14,2.118
2018-02-15,1.891
2018-02-16,1.154
2018-02-17,0.994
2018-02-18,1.311
2018-02-19,2.624
2018-02-20,2.245
2018-02-21,1.324
2018-02-22,1.048
2018-02-23,0.937
2018-02-24,0.846
2018-02-25,0.745
2018-02-26,0.655
2018-02-27,0.595
2018-02-28,0.55
2018-03-01,0.695
2018-03-02,2.038
2018-03-03,1.775
2018-03-04,1.475
2018-03-05,1.129
2018-03-06,1.337
2018-03-07,2.334
2018-03-08,1.985
2018-03-09,1.79
2018-03-10,1.305
2018-03-11,1.052
2018-03-12,0.984
2018-03-13,0.958
2018-03-14,0.869
2018-03-15,1.334
2018-03-16,0.952
2018-03-17,0.83
2018-03-18,0.724
2018-03-19,0.655
2018-03-20,0.56
2018-03-21,0.504
2018-03-22,0.495
2018-03-23,0.6
2018-03-24,0.647
2018-03-25,0.817
2018-03-26,0.637
2018-03-27,0.737
2018-03-28,0.784
2018-03-29,0.968
2018-03-30,1.413
2018-03-31,1.555
2018-04-01,1.355
2018-04-02,1.231
2018-04-03,1.061
2018-04-04,0.954
2018-04-05,0.81
2018-04-06,0.717
2018-04-07,0.687
2018-04-08,0.835
2018-04-09,0.969
2018-04-10,2.561
2018-04-11,1.291
2018-04-12,0.896
2018-04-13,0.764
2018-04-14,0.709
2018-04-15,0.754
2018-04-16,0.632
2018-04-17,0.526
2018-04-18,0.461
2018-04-19,0.422
2018-04-20,0.394
2018-04-21,0.377
2018-04-22,0.382
2018-04-23,0.372
2018-04-24,0.338
2018-04-25,0.323
2018-04-26,0.306
2018-04-27,0.315
2018-04-28,0.285
2018-04-29,0.295
2018-04-30,0.878
2018-05-01,0.437
2018-05-02,0.415
2018-05-03,0.381
2018-05-04,0.313
2018-05-05,0.283
2018-05-06,0.26
2018-05-07,0.241
2018-05-08,0.228
2018-05-09,0.219
2018-05-10,0.196
2018-05-11,0.189
2018-05-12,0.2
2018-05-13,0.2
2018-05-14,0.18
2018-05-15,0.173
2018-05-16,0.169
2018-05-17,0.158
2018-05-18,0.15
2018-05-19,0.146
2018-05-20,0.142
2018-05-21,0.142
2018-05-22,0.135
2018-05-23,0.125
2018-05-24,0.129
2018-05-25,0.13
2018-05-26,0.14
2018-05-27,0.42
2018-05-28,0.177
2018-05-29,0.236
2018-05-30,0.187
2018-05-31,0.153
2018-06-01,0.159
2018-06-02,0.129
2018-06-03,0.147
2018-06-04,0.449
2018-06-05,0.381
2018-06-06,0.239
2018-06-07,0.203
2018-06-08,0.198
2018-06-09,2.556
2018-06-10,2.786
2018-06-11,0.719
2018-06-12,0.474
2018-06-13,0.349
2018-06-14,0.283
2018-06-15,0.222
2018-06-16,0.172
2018-06-17,0.149
2018-06-18,0.15
2018-06-19,0.147
2018-06-20,0.149
2018-06-21,0.138
2018-06-22,0.122
2018-06-23,0.115
2018-06-24,0.106
2018-06-25,0.098
2018-06-26,0.092
2018-06-27,0.085
2018-06-28,0.087
2018-06-29,0.083
2018-06-30,0.082
2018-07-01,0.106
2018-07-02,0.091
2018-07-03,0.097
2018-07-04,0.097
2018-07-05,0.09
2018-07-06,0.079
2018-07-07,0.074
2018-07-08,0.065
2018-07-09,0.058
2018-07-10,0.055
2018-07-11,0.053
2018-07-12,0.054
2018-07-13,0.054
2018-07-14,0.055
2018-07-15,0.052
2018-07-16,0.048
2018-07-17,0.045
2018-07-18,0.043
2018-07-19,0.04
2018-07-20,0.039
2018-07-21,0.04
2018-07-22,0.04
2018-07-23,0.038
2018-07-24,0.038
2018-07-25,0.036
2018-07-26,0.17
2018-07-27,0.172
2018-07-28,0.071
2018-07-29,0.057
2018-07-30,0.059
2018-07-31,0.046
2018-08-01,0.043
2018-08-02,0.041
2018-08-03,0.038
2018-08-04,0.037
2018-08-05,0.037
2018-08-06,0.035
2018-08-07,0.035
2018-08-08,0.039
2018-08-09,0.095
2018-08-10,0.077
2018-08-11,0.046
2018-08-12,0.042
2018-08-13,0.043
2018-08-14,0.039
2018-08-15,0.036
2018-08-16,0.04
2018-08-17,0.045
2018-08-18,0.039
2018-08-19,0.039
2018-08-20,0.039
2018-08-21,0.042
2018-08-22,0.045
2018-08-23,0.045
2018-08-24,0.046
2018-08-25,0.037
2018-08-26,0.035
2018-08-27,0.033
2018-08-28,0.033
2018-08-29,0.032
2018-08-30,0.031
2018-08-31,0.03
2018-09-01,0.031
2018-09-02,0.032
2018-09-03,0.029
2018-09-04,0.029
2018-09-05,0.032
2018-09-06,0.034
2018-09-07,0.035
2018-09-08,0.032
2018-09-09,0.032
2018-09-10,0.031
2018-09-11,0.029
2018-09-12,0.028
2018-09-13,0.03
2018-09-14,0.033
2018-09-15,0.028
2018-09-16,0.026
2018-09-17,0.026
2018-09-18,0.022
2018-09-19,0.021
2018-09-20,0.022
2018-09-21,0.039
2018-09-22,0.028
2018-09-23,0.025
2018-09-24,0.031
2018-09-25,0.025
2018-09-26,0.025
2018-09-27,0.025
2018-09-28,0.023
2018-09-29,0.022
2018-09-30,0.022
2018-10-01,0.024
2018-10-02,0.028
2018-10-03,0.024
2018-10-04,0.027
2018-10-05,0.036
2018-10-06,0.05
2018-10-07,0.167
2018-10-08,0.049
2018-10-09,0.037
2018-10-10,0.028
2018-10-11,0.031
2018-10-12,0.034
2018-10-13,0.027
2018-10-14,0.061
2018-10-15,0.115
2018-10-16,0.08
2018-10-17,0.047
2018-10-18,0.038
2018-10-19,0.035
2018-10-20,0.038
2018-10-21,0.035
2018-10-22,0.032
2018-10-23,0.032
2018-10-24,0.034
2018-10-25,0.033
2018-10-26,0.034
2018-10-27,0.035
2018-10-28,0.057
2018-10-29,0.051
2018-10-30,0.044
2018-10-31,0.04
2018-11-01,0.038
2018-11-02,0.039
2018-11-03,0.044
2018-11-04,0.039
2018-11-05,0.037
2018-11-06,0.04
2018-11-07,0.041
2018-11-08,0.045
2018-11-09,0.038
2018-11-10,0.169
2018-11-11,0.213
2018-11-12,0.103
2018-11-13,0.063
2018-11-14,0.051
2018-11-15,0.049
2018-11-16,0.046
2018-11-17,0.044
2018-11-18,0.045
2018-11-19,0.045
2018-11-20,0.045
2018-11-21,0.047
2018-11-22,0.045
2018-11-23,0.051
2018-11-24,0.096
2018-11-25,0.071
2018-11-26,0.063
2018-11-27,0.059
2018-11-28,0.216
2018-11-29,0.146
2018-11-30,0.12
2018-12-01,0.094
2018-12-02,0.136
2018-12-03,0.228
2018-12-04,0.252
2018-12-05,0.162
2018-12-06,0.223
2018-12-07,0.217
2018-12-08,0.256
2018-12-09,0.171
2018-12-10,0.141
2018-12-11,0.126
2018-12-12,0.13
2018-12-13,0.134
2018-12-14,0.116
2018-12-15,0.175
2018-12-16,0.296
2018-12-17,0.326
2018-12-18,0.225
2018-12-19,0.216
2018-12-20,0.194
2018-12-21,0.206
2018-12-22,0.194
2018-12-23,0.187
2018-12-24,0.192
2018-12-25,0.167
2018-12-26,0.157
2018-12-27,0.153
2018-12-28,0.142
2018-12-29,0.129
2018-12-30,0.124
2018-12-31,0.122
2019-01-01,0.122
2019-01-02,0.114
2019-01-03,0.109
2019-01-04,0.109
2019-01-05,0.104
2019-01-06,0.102
2019-01-07,0.101
2019-01-08,0.112
2019-01-09,0.119
2019-01-10,0.108
2019-01-11,0.115
2019-01-12,0.109
2019-01-13,0.118
2019-01-14,0.109
2019-01-15,0.1
2019-01-16,0.099
2019-01-17,0.12
2019-01-18,0.124
2019-01-19,0.138
2019-01-20,0.21
2019-01-21,0.154
2019-01-22,0.177
2019-01-23,0.44
2019-01-24,0.306
2019-01-25,0.298
2019-01-26,0.297
2019-01-27,0.42
2019-01-28,0.499
2019-01-29,1.159
2019-01-30,4.666
2019-01-31,2.527
2019-02-01,1.652
2019-02-02,1.142
2019-02-03,0.82
2019-02-04,1.096
2019-02-05,1.159
2019-02-06,0.996
2019-02-07,1.698
2019-02-08,1.084
2019-02-09,2.12
2019-02-10,2.731
2019-02-11,1.652
2019-02-12,1.105
2019-02-13,0.917
2019-02-14,0.803
2019-02-15,0.704
2019-02-16,0.625
2019-02-17,0.574
2019-02-18,0.515
2019-02-19,0.478
2019-02-20,0.446
2019-02-21,0.407
2019-02-22,0.373
2019-02-23,0.362
2019-02-24,0.342
2019-02-25,0.326
2019-02-26,0.315
2019-02-27,0.31
2019-02-28,0.3
2019-03-01,0.28
2019-03-02,0.309
2019-03-03,0.277
2019-03-04,0.312
2019-03-05,0.262
2019-03-06,0.264
2019-03-07,0.308
2019-03-08,0.267
2019-03-09,0.244
2019-03-10,0.246
2019-03-11,0.233
2019-03-12,0.29
2019-03-13,0.57
2019-03-14,0.379
2019-03-15,0.329
2019-03-16,0.28
2019-03-17,0.32
2019-03-18,0.3
2019-03-19,0.305
2019-03-20,0.268
2019-03-21,0.24
2019-03-22,0.226
2019-03-23,0.183
2019-03-24,0.148
2019-03-25,0.115
2019-03-26,0.131
2019-03-27,0.176
2019-03-28,0.175
2019-03-29,0.174
2019-03-30,0.176
2019-03-31,0.167
2019-04-01,0.162
2019-04-02,0.165
2019-04-03,0.198
2019-04-04,0.186
2019-04-05,0.386
2019-04-06,0.401
2019-04-07,0.442
2019-04-08,0.288
2019-04-09,0.244
2019-04-10,0.206
2019-04-11,0.193
2019-04-12,0.175
2019-04-13,0.166
2019-04-14,0.156
2019-04-15,0.151
2019-04-16,0.153
2019-04-17,0.151
2019-04-18,0.136
2019-04-19,0.123
2019-04-20,0.116
2019-04-21,0.117
2019-04-22,0.119
2019-04-23,0.12
2019-04-24,0.167
2019-04-25,0.189
2019-04-26,0.139
2019-04-27,0.125
2019-04-28,0.117
2019-04-29,0.182
2019-04-30,0.138
2019-05-01,0.117
2019-05-02,0.107
2019-05-03,0.099
2019-05-04,0.093
2019-05-05,0.084
2019-05-06,0.081
2019-05-07,0.08
2019-05-08,0.281
2019-05-09,0.206
2019-05-10,0.153
2019-05-11,0.406
2019-05-12,0.179
2019-05-13,0.124
2019-05-14,0.102
2019-05-15,0.091
2019-05-16,0.083
2019-05-17,0.08
2019-05-18,0.08
2019-05-19,0.08
2019-05-20,0.073
2019-05-21,0.066
2019-05-22,0.059
2019-05-23,0.057
2019-05-24,0.054
2019-05-25,0.053
2019-05-26,0.054
2019-05-27,0.057
2019-05-28,0.052
2019-05-29,0.053
2019-05-30,0.054
2019-05-31,0.051
2019-06-01,0.046
2019-06-02,0.042
2019-06-03,0.04
2019-06-04,0.042
2019-06-05,0.048
2019-06-06,0.077
2019-06-07,0.282
2019-06-08,0.181
2019-06-09,0.083
2019-06-10,0.089
2019-06-11,0.209
2019-06-12,0.29
2019-06-13,0.184
2019-06-14,0.111
2019-06-15,0.082
2019-06-16,0.073
2019-06-17,0.061
2019-06-18,0.064
2019-06-19,0.994
2019-06-20,0.467
2019-06-21,0.204
2019-06-22,0.14
2019-06-23,0.11
2019-06-24,0.108
2019-06-25,0.216
2019-06-26,0.166
2019-06-27,0.131
2019-06-28,0.09
2019-06-29,0.069
2019-06-30,0.061
2019-07-01,0.055
2019-07-02,0.049
2019-07-03,0.045
2019-07-04,0.041
2019-07-05,0.039
2019-07-06,0.038
2019-07-07,0.035
2019-07-08,0.034
2019-07-09,0.032
2019-07-10,0.03
2019-07-11,0.028
2019-07-12,0.029
2019-07-13,0.029
2019-07-14,0.028
2019-07-15,0.026
2019-07-16,0.025
2019-07-17,0.025
2019-07-18,0.027
2019-07-19,0.028
2019-07-20,0.026
2019-07-21,0.025
2019-07-22,0.022
2019-07-23,0.021
2019-07-24,0.019
2019-07-25,0.018
2019-07-26,0.017
2019-07-27,0.018
2019-07-28,0.017
2019-07-29,0.015
2019-07-30,0.021
2019-07-31,0.029
2019-08-01,0.02
2019-08-02,0.019
2019-08-03,0.017
2019-08-04,0.015
2019-08-05,0.016
2019-08-06,0.018
2019-08-07,0.02
2019-08-08,0.022
2019-08-09,0.024
2019-08-10,0.026
2019-08-11,0.028
2019-08-12,0.027
2019-08-13,0.017
2019-08-14,0.022
2019-08-15,0.019
2019-08-16,0.015
2019-08-17,0.015
2019-08-18,0.12
2019-08-19,0.034
2019-08-20,0.022
2019-08-21,0.018
2019-08-22,0.016
2019-08-23,0.015
2019-08-24,0.014
2019-08-25,0.012
2019-08-26,0.012
2019-08-27,0.013
2019-08-28,0.018
2019-08-29,0.018
2019-08-30,0.016
2019-08-31,0.016
2019-09-01,0.017
2019-09-02,0.018
2019-09-03,0.018
2019-09-04,0.019
2019-09-05,0.019
2019-09-06,0.017
2019-09-07,0.018
2019-09-08,0.018
2019-09-09,0.025
2019-09-10,0.043
2019-09-11,0.02
2019-09-12,0.013
2019-09-13,0.012
2019-09-14,0.011
2019-09-15,0.01
2019-09-16,0.01
2019-09-17,0.009
2019-09-18,0.01
2019-09-19,0.008
2019-09-20,0.009
2019-09-21,0.008
2019-09-22,0.009
2019-09-23,0.01
2019-09-24,0.012
2019-09-25,0.019
2019-09-26,0.015
2019-09-27,0.016
2019-09-28,0.015
2019-09-29,0.011
2019-09-30,0.011
2019-10-01,0.012
2019-10-02,0.018
2019-10-03,0.017
2019-10-04,0.017
2019-10-05,0.017
2019-10-06,0.018
2019-10-07,0.02
2019-10-08,0.039
2019-10-09,0.028
2019-10-10,0.017
2019-10-11,0.016
2019-10-12,0.013
2019-10-13,0.014
2019-10-14,0.021
2019-10-15,0.046
2019-10-16,0.27
2019-10-17,0.191
2019-10-18,0.098
2019-10-19,0.056
2019-10-20,0.044
2019-10-21,0.04
2019-10-22,0.034
2019-10-23,0.03
2019-10-24,0.126
2019-10-25,0.107
2019-10-26,0.048
2019-10-27,0.082
2019-10-28,0.153
2019-10-29,0.243
2019-10-30,0.545
2019-10-31,1.704
2019-11-01,1.692
2019-11-02,1.362
2019-11-03,1.896
2019-11-04,1.349
2019-11-05,1.436
2019-11-06,2.04
2019-11-07,2.354
2019-11-08,1.175
2019-11-09,1.432
2019-11-10,4.612
2019-11-11,2.666
2019-11-12,1.519
2019-11-13,1.358
2019-11-14,2.538
2019-11-15,1.449
2019-11-16,3.704
2019-11-17,2.69
2019-11-18,1.394
2019-11-19,1.044
2019-11-20,0.896
2019-11-21,0.861
2019-11-22,0.868
2019-11-23,0.908
2019-11-24,0.718
2019-11-25,0.837
2019-11-26,0.861
2019-11-27,0.989
2019-11-28,0.72
2019-11-29,0.58
2019-11-30,0.701
2019-12-01,3.681
2019-12-02,2.112
2019-12-03,1.12
2019-12-04,0.934
2019-12-05,0.817
2019-12-06,0.782
2019-12-07,0.762
2019-12-08,0.816
2019-12-09,1.094
2019-12-10,0.899
2019-12-11,1.866
2019-12-12,1.917
2019-12-13,4.101
2019-12-14,2.73
2019-12-15,1.683
2019-12-16,1.586
2019-12-17,5.216
2019-12-18,2.95
2019-12-19,2.256
2019-12-20,2.631
2019-12-21,3.188
2019-12-22,4.431
2019-12-23,2.492
2019-12-24,1.921
2019-12-25,1.43
2019-12-26,1.204
2019-12-27,1.046
2019-12-28,0.942
2019-12-29,0.871
2019-12-30,0.822
2019-12-31,0.77
2020-01-01,0.735
2020-01-02,0.718
2020-01-03,0.638
2020-01-04,0.598
2020-01-05,0.624
2020-01-06,0.624
2020-01-07,0.573
2020-01-08,0.546
2020-01-09,0.599
2020-01-10,0.709
2020-01-11,0.556
2020-01-12,0.542
2020-01-13,0.51
2020-01-14,0.882
2020-01-15,1.706
2020-01-16,1.437
2020-01-17,1.824
2020-01-18,0.999
2020-01-19,0.776
2020-01-20,0.662
2020-01-21,0.63
2020-01-22,0.588
2020-01-23,0.576
2020-01-24,0.545
2020-01-25,0.527
2020-01-26,0.527
2020-01-27,0.795
2020-01-28,0.854
2020-01-29,0.905
2020-01-30,0.798
2020-01-31,0.684
2020-02-01,2.83
2020-02-02,2.344
2020-02-03,2.029
2020-02-04,3.51
2020-02-05,1.696
2020-02-06,1.19
2020-02-07,1.026
2020-02-08,1.049
2020-02-09,0.971
2020-02-10,0.962
2020-02-11,1.102
2020-02-12,0.888
2020-02-13,0.891
2020-02-14,0.792
2020-02-15,0.701
2020-02-16,0.889
2020-02-17,1.028
2020-02-18,0.823
2020-02-19,0.786
2020-02-20,0.778
2020-02-21,0.767
2020-02-22,0.628
2020-02-23,0.557
2020-02-24,0.522
2020-02-25,0.866
2020-02-26,1.031
2020-02-27,1.26
2020-02-28,0.943
2020-02-29,1.746
2020-03-01,1.486
2020-03-02,1.037
2020-03-03,0.877
2020-03-04,0.849
2020-03-05,1.908
2020-03-06,3.17
2020-03-07,2.632
2020-03-08,1.491
2020-03-09,1.362
2020-03-10,1.88
2020-03-11,1.25
2020-03-12,1.034
2020-03-13,0.883
2020-03-14,0.828
2020-03-15,0.806
2020-03-16,0.789
2020-03-17,0.666
2020-03-18,0.617
2020-03-19,0.567
2020-03-20,0.54
2020-03-21,0.503
2020-03-22,0.476
2020-03-23,0.445
2020-03-24,0.4
2020-03-25,0.378
2020-03-26,0.368
2020-03-27,0.347
2020-03-28,0.334
2020-03-29,0.308
2020-03-30,0.298
2020-03-31,0.301
2020-04-01,0.292
2020-04-02,0.278
2020-04-03,0.271
2020-04-04,0.262
2020-04-05,0.252
2020-04-06,0.235
2020-04-07,0.226
2020-04-08,0.23
2020-04-09,0.216
2020-04-10,0.203
2020-04-11,0.19
2020-04-12,0.185
2020-04-13,0.183
2020-04-14,0.174
2020-04-15,0.171
2020-04-16,0.169
2020-04-17,0.247
2020-04-18,0.201
2020-04-19,0.182
2020-04-20,0.205
2020-04-21,0.28
2020-04-22,0.194
2020-04-23,0.174
2020-04-24,0.166
2020-04-25,0.167
2020-04-26,0.16
2020-04-27,0.155
2020-04-28,0.213
2020-04-29,0.264
2020-04-30,0.286
2020-05-01,0.243
2020-05-02,0.177
2020-05-03,0.21
2020-05-04,0.174
2020-05-05,0.454
2020-05-06,0.305
2020-05-07,0.203
2020-05-08,0.163
2020-05-09,0.15
2020-05-10,0.154
2020-05-11,0.134
2020-05-12,0.113
2020-05-13,0.114
2020-05-14,0.108
2020-05-15,0.099
2020-05-16,0.099
2020-05-17,0.097
2020-05-18,0.091
2020-05-19,0.081
2020-05-20,0.085
2020-05-21,0.08
2020-05-22,0.078
2020-05-23,0.07
2020-05-24,0.065
2020-05-25,0.066
2020-05-26,0.062
2020-05-27,0.058
2020-05-28,0.055
2020-05-29,0.054
2020-05-30,0.052
2020-05-31,0.05
2020-06-01,0.046
2020-06-02,0.046
2020-06-03,0.047
2020-06-04,0.054
2020-06-05,0.056
2020-06-06,0.054
2020-06-07,0.05
2020-06-08,0.048
2020-06-09,0.046
2020-06-10,0.048
2020-06-11,0.237
2020-06-12,0.342
2020-06-13,0.386
2020-06-14,0.313
2020-06-15,0.518
2020-06-16,0.492
2020-06-17,0.543
2020-06-18,0.55
2020-06-19,0.676
2020-06-20,0.372
2020-06-21,0.247
2020-06-22,0.187
2020-06-23,0.152
2020-06-24,0.131
2020-06-25,0.113
2020-06-26,0.105
2020-06-27,0.11
2020-06-28,0.091
2020-06-29,0.075
2020-06-30,0.072
2020-07-01,0.077
2020-07-02,0.088
2020-07-03,0.071
2020-07-04,0.06
2020-07-05,0.061
2020-07-06,0.054
2020-07-07,0.049
2020-07-08,0.049
2020-07-09,0.047
2020-07-10,0.043
2020-07-11,0.041
2020-07-12,0.04
2020-07-13,0.037
2020-07-14,0.037
2020-07-15,0.041
2020-07-16,0.04
2020-07-17,0.044
2020-07-18,0.043
2020-07-19,0.04
2020-07-20,0.038
2020-07-21,0.035
2020-07-22,0.032
2020-07-23,0.033
2020-07-24,0.034
2020-07-25,0.037
2020-07-26,0.041
2020-07-27,0.031
2020-07-28,0.029
2020-07-29,0.028
2020-07-30,0.027
2020-07-31,0.026
2020-08-01,0.025
2020-08-02,0.025
2020-08-03,0.025
2020-08-04,0.025
2020-08-05,0.023
2020-08-06,0.022
2020-08-07,0.021
2020-08-08,0.019
2020-08-09,0.021
2020-08-10,0.023
2020-08-11,0.023
2020-08-12,0.022
2020-08-13,0.025
2020-08-14,0.026
2020-08-15,0.025
2020-08-16,0.076
2020-08-17,0.066
2020-08-18,0.035
2020-08-19,0.038
2020-08-20,0.041
2020-08-21,0.03
2020-08-22,0.024
2020-08-23,0.022
2020-08-24,0.023
2020-08-25,0.026
2020-08-26,0.025
2020-08-27,0.021
2020-08-28,0.022
2020-08-29,0.064
2020-08-30,0.035
2020-08-31,0.033
2020-09-01,0.028
2020-09-02,0.026
2020-09-03,0.023
2020-09-04,0.023
2020-09-05,0.025
2020-09-06,0.023
2020-09-07,0.022
2020-09-08,0.025
2020-09-09,0.022
2020-09-10,0.022
2020-09-11,0.023
2020-09-12,0.021
2020-09-13,0.02
2020-09-14,0.019
2020-09-15,0.019
2020-09-16,0.019
2020-09-17,0.018
2020-09-18,0.018
2020-09-19,0.036
2020-09-20,0.035
2020-09-21,0.026
2020-09-22,0.026
2020-09-23,0.025
2020-09-24,0.033
2020-09-25,0.062
2020-09-26,0.051
2020-09-27,0.033
2020-09-28,0.026
2020-09-29,0.026
2020-09-30,0.028
2020-10-01,0.045
2020-10-02,0.535
2020-10-03,1.754
2020-10-04,4.243
2020-10-05,1.076
2020-10-06,0.523
2020-10-07,0.282
2020-10-08,0.2
2020-10-09,0.237
2020-10-10,0.179
2020-10-11,0.419
2020-10-12,0.351
2020-10-13,0.84
2020-10-14,3.032
2020-10-15,1.19
2020-10-16,0.648
2020-10-17,0.426
2020-10-18,0.343
2020-10-19,0.299
2020-10-20,0.278
2020-10-21,1.09
2020-10-22,0.977
2020-10-23,0.488
2020-10-24,0.426
2020-10-25,1.182
2020-10-26,0.81
2020-10-27,0.725
2020-10-28,0.63
2020-10-29,0.416
2020-10-30,0.364
2020-10-31,0.473
2020-11-01,0.643
2020-11-02,0.44
2020-11-03,0.35
2020-11-04,0.306
2020-11-05,0.284
2020-11-06,0.279
2020-11-07,0.273
2020-11-08,0.26
2020-11-09,0.247
2020-11-10,0.228
2020-11-11,0.217
2020-11-12,0.225
2020-11-13,0.222
2020-11-14,0.222
2020-11-15,0.676
2020-11-16,0.461
2020-11-17,0.303
2020-11-18,0.272
2020-11-19,0.268
2020-11-20,0.233
2020-11-21,0.231
2020-11-22,0.228
2020-11-23,0.214
2020-11-24,0.213
2020-11-25,0.213
2020-11-26,0.195
2020-11-27,0.192
2020-11-28,0.194
2020-11-29,0.181
2020-11-30,0.172
2020-12-01,0.227
2020-12-02,0.222
2020-12-03,0.314
2020-12-04,2.098
2020-12-05,4.416
2020-12-06,3.925
2020-12-07,1.719
2020-12-08,1.14
2020-12-09,1.763
2020-12-10,4.243
2020-12-11,6.255
2020-12-12,5.821
2020-12-13,3.325
2020-12-14,2.409
2020-12-15,2.251
2020-12-16,1.672
2020-12-17,1.798
2020-12-18,1.296
2020-12-19,1.133
2020-12-20,1.188
2020-12-21,1.718
2020-12-22,1.531
2020-12-23,2.6
2020-12-24,2.11
2020-12-25,1.522
2020-12-26,1.141
2020-12-27,2.082
2020-12-28,5.151
2020-12-29,8.149
2020-12-30,5.636
2020-12-31,4.567
2021-01-01,4.328
2021-01-02,2.576
2021-01-03,3.834
2021-01-04,2.726
2021-01-05,2.328
2021-01-06,1.91
2021-01-07,1.692
2021-01-08,1.4
2021-01-09,1.165
2021-01-10,1.047
2021-01-11,1.024
2021-01-12,0.997
2021-01-13,1.173
2021-01-14,1.087
2021-01-15,0.963
2021-01-16,0.927
2021-01-17,0.947
2021-01-18,0.843
2021-01-19,0.912
2021-01-20,0.915
2021-01-21,1.534
2021-01-22,2.577
2021-01-23,1.761
2021-01-24,1.654
2021-01-25,1.811
2021-01-26,1.216
2021-01-27,1.634
2021-01-28,2.826
2021-01-29,2.641
2021-01-30,2.69
2021-01-31,2.542
2021-02-01,3.399
2021-02-02,3.366
2021-02-03,2.363
2021-02-04,1.907
2021-02-05,1.567
2021-02-06,1.247
2021-02-07,1.221
2021-02-08,1.121
2021-02-09,1.024
2021-02-10,1.118
2021-02-11,1.059
2021-02-12,1.027
2021-02-13,0.997
2021-02-14,0.981
2021-02-15,1.717
2021-02-16,1.592
2021-02-17,1.585
2021-02-18,1.124
2021-02-19,0.987
2021-02-20,0.922
2021-02-21,0.843
2021-02-22,0.904
2021-02-23,0.821
2021-02-24,0.74
2021-02-25,0.677
2021-02-26,0.604
2021-02-27,0.558
2021-02-28,0.548
2021-03-01,0.525
2021-03-02,0.495
2021-03-03,0.483
2021-03-04,0.493
2021-03-05,0.46
2021-03-06,0.417
2021-03-07,0.4
2021-03-08,0.387
2021-03-09,0.378
2021-03-10,0.479
2021-03-11,0.532
2021-03-12,0.482
2021-03-13,0.791
2021-03-14,0.643
2021-03-15,0.478
2021-03-16,0.423
2021-03-17,0.387
2021-03-18,0.37
2021-03-19,0.362
2021-03-20,0.327
2021-03-21,0.327
2021-03-22,0.324
2021-03-23,0.298
2021-03-24,0.288
2021-03-25,0.283
2021-03-26,0.37
2021-03-27,0.404
2021-03-28,0.313
2021-03-29,0.277
2021-03-30,0.255
2021-03-31,0.241
2021-04-01,0.235
2021-04-02,0.214
2021-04-03,0.198
2021-04-04,0.195
2021-04-05,0.197
2021-04-06,0.195
2021-04-07,0.188
2021-04-08,0.182
2021-04-09,0.185
2021-04-10,1.055
2021-04-11,1.35
2021-04-12,0.833
2021-04-13,0.438
2021-04-14,0.345
2021-04-15,0.299
2021-04-16,0.272
2021-04-17,0.254
2021-04-18,0.238
2021-04-19,0.23
2021-04-20,0.22
2021-04-21,0.205
2021-04-22,0.191
2021-04-23,0.178
2021-04-24,0.17
2021-04-25,0.162
2021-04-26,0.156
2021-04-27,0.162
2021-04-28,0.169
2021-04-29,0.163
2021-04-30,0.153
2021-05-01,0.149
2021-05-02,0.146
2021-05-03,0.141
2021-05-04,0.14
2021-05-05,0.138
2021-05-06,0.179
2021-05-07,0.16
2021-05-08,0.161
2021-05-09,0.148
2021-05-10,0.136
2021-05-11,0.13
2021-05-12,0.179
2021-05-13,0.248
2021-05-14,0.239
2021-05-15,0.229
2021-05-16,0.181
2021-05-17,0.161
2021-05-18,0.14
2021-05-19,0.133
2021-05-20,0.12
2021-05-21,0.112
2021-05-22,0.104
2021-05-23,0.127
2021-05-24,0.2
2021-05-25,0.177
2021-05-26,0.172
2021-05-27,0.157
2021-05-28,0.132
2021-05-29,0.117
2021-05-30,0.109
2021-05-31,0.097
2021-06-01,0.089
2021-06-02,0.098
2021-06-03,0.099
2021-06-04,0.105
2021-06-05,0.084
2021-06-06,0.076
2021-06-07,0.078
2021-06-08,0.077
2021-06-09,0.072
2021-06-10,0.066
2021-06-11,0.067
2021-06-12,0.064
2021-06-13,0.06
2021-06-14,0.055
2021-06-15,0.052
2021-06-16,0.055
2021-06-17,0.11
2021-06-18,0.373
2021-06-19,0.208
2021-06-20,0.282
2021-06-21,0.317
2021-06-22,0.341
2021-06-23,0.397
2021-06-24,0.187
2021-06-25,0.286
2021-06-26,0.924
2021-06-27,0.786
2021-06-28,0.653
2021-06-29,0.877
2021-06-30,0.408
2021-07-01,0.293
2021-07-02,0.233
2021-07-03,0.208
2021-07-04,0.196
2021-07-05,0.232
2021-07-06,0.38
2021-07-07,0.927
2021-07-08,3.042
2021-07-09,0.97
2021-07-10,0.842
2021-07-11,0.603
2021-07-12,0.716
2021-07-13,0.437
2021-07-14,0.335
2021-07-15,0.275
2021-07-16,0.226
2021-07-17,0.191
2021-07-18,0.176
2021-07-19,0.159
2021-07-20,0.142
2021-07-21,0.125
2021-07-22,0.112
2021-07-23,0.109
2021-07-24,0.135
2021-07-25,0.167
2021-07-26,0.139
2021-07-27,0.142
2021-07-28,0.184
2021-07-29,0.12
2021-07-30,0.097
2021-07-31,0.088
2021-08-01,0.09
2021-08-02,0.094
2021-08-03,0.092
2021-08-04,0.09
2021-08-05,0.094
2021-08-06,0.116
2021-08-07,0.108
2021-08-08,0.095
2021-08-09,0.09
2021-08-10,0.153
2021-08-11,0.097
2021-08-12,0.082
2021-08-13,0.07
2021-08-14,0.063
2021-08-15,0.06
2021-08-16,0.058
2021-08-17,0.058
2021-08-18,0.059
2021-08-19,0.064
2021-08-20,0.062
2021-08-21,0.063
2021-08-22,0.064
2021-08-23,0.054
2021-08-24,0.051
2021-08-25,0.05
2021-08-26,0.047
2021-08-27,0.049
2021-08-28,0.046
2021-08-29,0.045
2021-08-30,0.044
2021-08-31,0.048
2021-09-01,0.047
2021-09-02,0.044
2021-09-03,0.047
2021-09-04,0.05
2021-09-05,0.048
2021-09-06,0.044
2021-09-07,0.045
2021-09-08,0.202
2021-09-09,0.092
2021-09-10,0.061
2021-09-11,0.052
2021-09-12,0.048
2021-09-13,0.048
2021-09-14,0.414
2021-09-15,0.523
2021-09-16,0.149
2021-09-17,0.105
2021-09-18,0.089
2021-09-19,0.078
2021-09-20,0.071
2021-09-21,0.06
2021-09-22,0.055
2021-09-23,0.054
2021-09-24,0.055
2021-09-25,0.056
2021-09-26,0.056
2021-09-27,0.055
2021-09-28,0.054
2021-09-29,0.056
2021-09-30,0.05
2021-10-01,0.104
2021-10-02,0.134
2021-10-03,0.37
2021-10-04,0.168
2021-10-05,0.172
2021-10-06,0.131
2021-10-07,0.098
2021-10-08,0.09
2021-10-09,0.076
2021-10-10,0.07
2021-10-11,0.067
2021-10-12,0.062
2021-10-13,0.062
2021-10-14,0.059
2021-10-15,0.059
2021-10-16,0.057
2021-10-17,0.058
2021-10-18,0.056
2021-10-19,0.066
2021-10-20,0.06
2021-10-21,0.07
2021-10-22,0.069
2021-10-23,0.07
2021-10-24,0.067
2021-10-25,0.075
2021-10-26,0.078
2021-10-27,0.075
2021-10-28,0.067
2021-10-29,0.078
2021-10-30,0.234
2021-10-31,0.571
2021-11-01,0.304
2021-11-02,0.174
2021-11-03,0.515
2021-11-04,0.897
2021-11-05,0.57
2021-11-06,0.296
2021-11-07,0.238
2021-11-08,0.201
2021-11-09,0.185
2021-11-10,0.176
2021-11-11,0.161
2021-11-12,0.155
2021-11-13,0.161
2021-11-14,0.156
2021-11-15,0.145
2021-11-16,0.141
2021-11-17,0.135
2021-11-18,0.133
2021-11-19,0.131
2021-11-20,0.128
2021-11-21,0.155
2021-11-22,0.193
2021-11-23,0.16
2021-11-24,0.147
2021-11-25,0.153
2021-11-26,0.168
2021-11-27,0.564
2021-11-28,0.504
2021-11-29,0.358
2021-11-30,0.283
2021-12-01,0.411
2021-12-02,0.744
2021-12-03,0.781
2021-12-04,1.862
2021-12-05,2.167
2021-12-06,1.251
2021-12-07,1.261
2021-12-08,1.619
2021-12-09,1.296
2021-12-10,2.749
2021-12-11,1.546
2021-12-12,1.031
2021-12-13,0.863
2021-12-14,0.743
2021-12-15,0.633
2021-12-16,0.553
2021-12-17,0.488
2021-12-18,0.456
2021-12-19,0.437
2021-12-20,0.431
2021-12-21,0.4
2021-12-22,0.376
2021-12-23,0.37
2021-12-24,0.371
2021-12-25,0.38
2021-12-26,0.361
2021-12-27,0.412
2021-12-28,0.607
2021-12-29,1.036
2021-12-30,0.779
2021-12-31,0.532
2022-01-01,0.473
2022-01-02,0.456
2022-01-03,0.658
2022-01-04,3.737
2022-01-05,1.6
2022-01-06,0.984
2022-01-07,0.98
2022-01-08,1.884
2022-01-09,4.159
2022-01-10,4.161
2022-01-11,4.061
2022-01-12,2.31
2022-01-13,1.614
2022-01-14,1.227
2022-01-15,1.065
2022-01-16,0.974
2022-01-17,0.914
2022-01-18,0.848
2022-01-19,0.82
2022-01-20,0.77
2022-01-21,0.688
2022-01-22,0.656
2022-01-23,0.631
2022-01-24,0.591
2022-01-25,0.545
2022-01-26,0.503
2022-01-27,0.487
2022-01-28,0.478
2022-01-29,0.47
2022-01-30,0.461
2022-01-31,0.443
2022-02-01,0.409
2022-02-02,0.404
2022-02-03,0.408
2022-02-04,0.416
2022-02-05,0.401
2022-02-06,0.381
2022-02-07,0.371
2022-02-08,0.337
2022-02-09,0.335
2022-02-10,0.34
2022-02-11,0.368
2022-02-12,0.347
2022-02-13,0.377
2022-02-14,0.957
2022-02-15,0.678
2022-02-16,0.789
2022-02-17,0.608
2022-02-18,0.502
2022-02-19,0.449
2022-02-20,0.4
2022-02-21,0.422
2022-02-22,0.393
2022-02-23,0.363
2022-02-24,0.372
2022-02-25,0.362
2022-02-26,0.334
2022-02-27,0.33
2022-02-28,0.312
2022-03-01,0.668
2022-03-02,0.942
2022-03-03,0.663
2022-03-04,0.555
2022-03-05,0.446
2022-03-06,0.463
2022-03-07,0.387
2022-03-08,0.373
2022-03-09,0.348
2022-03-10,0.329
2022-03-11,0.443
2022-03-12,0.494
2022-03-13,0.374
2022-03-14,0.336
2022-03-15,0.315
2022-03-16,0.347
2022-03-17,0.391
2022-03-18,0.309
2022-03-19,0.294
2022-03-20,0.288
2022-03-21,0.274
2022-03-22,0.255
2022-03-23,0.233
2022-03-24,0.222
2022-03-25,0.217
2022-03-26,0.209
2022-03-27,0.197
2022-03-28,0.198
2022-03-29,0.209
2022-03-30,0.211
2022-03-31,0.254
2022-04-01,0.231
2022-04-02,0.193
2022-04-03,0.184
2022-04-04,0.18
2022-04-05,0.187
2022-04-06,0.183
2022-04-07,0.19
2022-04-08,0.757
2022-04-09,0.632
2022-04-10,0.35
2022-04-11,0.292
2022-04-12,0.288
2022-04-13,0.26
2022-04-14,0.223
2022-04-15,0.201
2022-04-16,0.192
2022-04-17,0.184
2022-04-18,0.177
2022-04-19,0.169
2022-04-20,0.164
2022-04-21,0.162
2022-04-22,0.157
2022-04-23,0.153
2022-04-24,0.149
2022-04-25,0.145
2022-04-26,0.134
2022-04-27,0.125
2022-04-28,0.116
2022-04-29,0.117
2022-04-30,0.114
2022-05-01,0.112
2022-05-02,0.106
2022-05-03,0.107
2022-05-04,0.099
2022-05-05,0.095
2022-05-06,0.092
2022-05-07,0.092
2022-05-08,0.092
2022-05-09,0.091
2022-05-10,0.077
2022-05-11,0.074
2022-05-12,0.072
2022-05-13,0.07
2022-05-14,0.07
2022-05-15,0.071
2022-05-16,0.065
2022-05-17,0.059
2022-05-18,0.055
2022-05-19,0.055
2022-05-20,0.055
2022-05-21,0.053
2022-05-22,0.055
2022-05-23,0.087
2022-05-24,0.073
2022-05-25,0.059
2022-05-26,0.057
2022-05-27,0.055
2022-05-28,0.053
2022-05-29,0.049
2022-05-30,0.046
2022-05-31,0.045
2022-06-01,0.043
2022-06-02,0.042
2022-06-03,0.043
2022-06-04,0.059
2022-06-05,0.047
2022-06-06,0.045
2022-06-07,0.045
2022-06-08,0.046
2022-06-09,0.04
2022-06-10,0.036
2022-06-11,0.037
2022-06-12,0.034
2022-06-13,0.032
2022-06-14,0.031
2022-06-15,0.03
2022-06-16,0.028
2022-06-17,0.026
2022-06-18,0.025
2022-06-19,0.036
2022-06-20,0.041
2022-06-21,0.032
2022-06-22,0.029
2022-06-23,0.03
2022-06-24,0.028
2022-06-25,0.027
2022-06-26,0.025
2022-06-27,0.024
2022-06-28,0.025
2022-06-29,0.024
2022-06-30,0.036
2022-07-01,0.033
2022-07-02,0.026
2022-07-03,0.023
2022-07-04,0.022
2022-07-05,0.022
2022-07-06,0.02
2022-07-07,0.021
2022-07-08,0.02
2022-07-09,0.019
2022-07-10,0.018
2022-07-11,0.015
2022-07-12,0.014
2022-07-13,0.012
2022-07-14,0.012
2022-07-15,0.012
2022-07-16,0.012
2022-07-17,0.011
2022-07-18,0.009
2022-07-19,0.008
2022-07-20,0.008
2022-07-21,0.01
2022-07-22,0.013
2022-07-23,0.012
2022-07-24,0.011
2022-07-25,0.01
2022-07-26,0.01
2022-07-27,0.01
2022-07-28,0.012
2022-07-29,0.01
2022-07-30,0.008
2022-07-31,0.008
2022-08-01,0.01
2022-08-02,0.01
2022-08-03,0.009
2022-08-04,0.009
2022-08-05,0.008
2022-08-06,0.007
2022-08-07,0.005
2022-08-08,0.006
2022-08-09,0.005
2022-08-10,0.006
2022-08-11,0.006
2022-08-12,0.005
2022-08-13,0.004
2022-08-14,0.004
2022-08-15,0.006
2022-08-16,0.009
2022-08-17,0.009
2022-08-18,0.01
2022-08-19,0.01
2022-08-20,0.011
2022-08-21,0.012
2022-08-22,0.014
2022-08-23,0.012
2022-08-24,0.011
2022-08-25,0.064
2022-08-26,0.024
2022-08-27,0.013
2022-08-28,0.011
2022-08-29,0.009
2022-08-30,0.007
2022-08-31,0.007
2022-09-01,0.024
2022-09-02,0.021
2022-09-03,0.014
2022-09-04,0.01
2022-09-05,0.008
2022-09-06,0.008
2022-09-07,0.013
2022-09-08,0.014
2022-09-09,0.013
2022-09-10,0.009
2022-09-11,0.009
2022-09-12,0.008
2022-09-13,0.008
2022-09-14,0.009
2022-09-15,0.016
2022-09-16,0.012
2022-09-17,0.007
2022-09-18,0.005
2022-09-19,0.006
2022-09-20,0.006
2022-09-21,0.005
2022-09-22,0.005
2022-09-23,0.005
2022-09-24,0.009
2022-09-25,0.021
2022-09-26,0.016
2022-09-27,0.017
2022-09-28,0.156
2022-09-29,0.471
2022-09-30,0.165
2022-10-01,0.057
2022-10-02,0.042
2022-10-03,0.033
2022-10-04,0.026
2022-10-05,0.022
2022-10-06,0.017
2022-10-07,0.016
2022-10-08,0.016
2022-10-09,0.018
2022-10-10,0.017
2022-10-11,0.018
2022-10-12,0.017
2022-10-13,0.017
2022-10-14,0.029
2022-10-15,0.078
2022-10-16,0.039
2022-10-17,0.031
2022-10-18,0.029
2022-10-19,0.026
2022-10-20,0.144
2022-10-21,0.081
2022-10-22,0.042
2022-10-23,0.034
2022-10-24,0.029
2022-10-25,0.026
2022-10-26,0.025
2022-10-27,0.024
2022-10-28,0.027
2022-10-29,0.024
2022-10-30,0.022
2022-10-31,0.023
2022-11-01,0.024
2022-11-02,0.035
2022-11-03,0.095
2022-11-04,0.113
2022-11-05,0.074
2022-11-06,0.111
2022-11-07,0.121
2022-11-08,0.067
2022-11-09,0.056
2022-11-10,0.045
2022-11-11,0.039
2022-11-12,0.039
2022-11-13,0.037
2022-11-14,0.038
2022-11-15,0.05
2022-11-16,0.069
2022-11-17,0.152
2022-11-18,0.079
2022-11-19,0.149
2022-11-20,0.124
2022-11-21,0.114
2022-11-22,0.176
2022-11-23,0.266
2022-11-24,0.508
2022-11-25,1.0
2022-11-26,0.363
2022-11-27,0.772
2022-11-28,1.711
2022-11-29,0.959
2022-11-30,0.618
2022-12-01,0.428
2022-12-02,0.355
2022-12-03,0.329
2022-12-04,0.295
2022-12-05,0.25
2022-12-06,0.217
2022-12-07,0.202
2022-12-08,0.269
2022-12-09,0.25
2022-12-10,0.212
2022-12-11,0.195
2022-12-12,0.186
2022-12-13,0.183
2022-12-14,0.573
2022-12-15,0.602
2022-12-16,0.358
2022-12-17,0.283
2022-12-18,0.439
2022-12-19,1.68
2022-12-20,1.593
2022-12-21,1.254
2022-12-22,1.905
2022-12-23,2.131
2022-12-24,1.5
2022-12-25,1.417
2022-12-26,1.307
2022-12-27,0.959
2022-12-28,0.854
2022-12-29,0.775
2022-12-30,0.891
2022-12-31,2.973
2023-01-01,3.642
2023-01-02,4.517
2023-01-03,2.361
2023-01-04,1.667
2023-01-05,1.291
2023-01-06,1.105
2023-01-07,1.035
2023-01-08,1.047
2023-01-09,1.163
2023-01-10,1.22
2023-01-11,1.201
2023-01-12,1.013
2023-01-13,0.996
2023-01-14,0.94
2023-01-15,1.146
2023-01-16,2.378
2023-01-17,2.264
2023-01-18,4.465
2023-01-19,4.302
2023-01-20,2.732
2023-01-21,1.7
2023-01-22,1.28
2023-01-23,1.114
2023-01-24,0.957
2023-01-25,0.866
2023-01-26,1.036
2023-01-27,0.914
2023-01-28,0.798
2023-01-29,0.709
2023-01-30,0.679
2023-01-31,0.652
2023-02-01,0.606
2023-02-02,0.54
2023-02-03,0.496
2023-02-04,0.465
2023-02-05,0.442
2023-02-06,0.421
2023-02-07,0.398
2023-02-08,0.378
2023-02-09,0.371
2023-02-10,0.36
2023-02-11,0.351
2023-02-12,0.34
2023-02-13,0.329
2023-02-14,0.325
2023-02-15,0.313
2023-02-16,0.303
2023-02-17,0.297
2023-02-18,0.283
2023-02-19,0.276
2023-02-20,0.265
2023-02-21,0.275
2023-02-22,0.278
2023-02-23,0.271
2023-02-24,0.293
2023-02-25,0.263
2023-02-26,0.239
2023-02-27,0.211
2023-02-28,0.207
2023-03-01,0.222
2023-03-02,0.213
2023-03-03,0.201
2023-03-04,0.193
2023-03-05,0.195
2023-03-06,0.2
2023-03-07,0.22
2023-03-08,0.825
2023-03-09,0.843
2023-03-10,0.93
2023-03-11,2.4
2023-03-12,1.542
2023-03-13,0.996
2023-03-14,1.064
2023-03-15,0.718
2023-03-16,0.612
2023-03-17,0.575
2023-03-18,0.81
2023-03-19,1.338
2023-03-20,0.71
2023-03-21,0.605
2023-03-22,0.514
2023-03-23,0.482
2023-03-24,0.532
2023-03-25,0.56
2023-03-26,1.189
2023-03-27,0.763
2023-03-28,0.557
2023-03-29,0.486
2023-03-30,0.55
2023-03-31,1.156
2023-04-01,1.032
2023-04-02,0.656
2023-04-03,0.513
2023-04-04,0.449
2023-04-05,0.404
2023-04-06,0.389
2023-04-07,0.356
2023-04-08,0.326
2023-04-09,0.306
2023-04-10,0.297
2023-04-11,0.302
2023-04-12,0.593
2023-04-13,0.546
2023-04-14,0.728
2023-04-15,0.648
2023-04-16,0.406
2023-04-17,0.349
2023-04-18,0.311
2023-04-19,0.293
2023-04-20,0.268
2023-04-21,0.247
2023-04-22,0.243
2023-04-23,1.168
2023-04-24,0.716
2023-04-25,0.436
2023-04-26,0.363
2023-04-27,0.358
2023-04-28,0.422
2023-04-29,0.343
2023-04-30,0.309
2023-05-01,0.285
2023-05-02,0.239
2023-05-03,0.21
2023-05-04,0.193
2023-05-05,0.182
2023-05-06,0.184
2023-05-07,0.182
2023-05-08,0.181
2023-05-09,0.398
2023-05-10,0.574
2023-05-11,0.362
2023-05-12,0.262
2023-05-13,0.246
2023-05-14,0.23
2023-05-15,0.229
2023-05-16,0.201
2023-05-17,0.173
2023-05-18,0.15
2023-05-19,0.15
2023-05-20,0.149
2023-05-21,0.136
2023-05-22,0.133
2023-05-23,0.119
2023-05-24,0.106
2023-05-25,0.105
2023-05-26,0.099
2023-05-27,0.095
2023-05-28,0.093
2023-05-29,0.085
2023-05-30,0.082
2023-05-31,0.08
2023-06-01,0.084
2023-06-02,0.079
2023-06-03,0.071
2023-06-04,0.068
2023-06-05,0.059
2023-06-06,0.063
2023-06-07,0.084
2023-06-08,0.065
2023-06-09,0.066
2023-06-10,0.077
2023-06-11,0.067
2023-06-12,0.058
2023-06-13,0.063
2023-06-14,0.054
2023-06-15,0.051
2023-06-16,0.048
2023-06-17,0.044
2023-06-18,0.046
2023-06-19,0.052
2023-06-20,0.17
2023-06-21,0.068
2023-06-22,0.053
2023-06-23,0.046
2023-06-24,0.042
2023-06-25,0.038
2023-06-26,0.035
2023-06-27,0.035
2023-06-28,0.037
2023-06-29,0.041
2023-06-30,0.041
2023-07-01,0.057
2023-07-02,0.044
2023-07-03,0.045
2023-07-04,0.065
2023-07-05,0.115
2023-07-06,0.053
2023-07-07,0.043
2023-07-08,0.039
2023-07-09,0.04
2023-07-10,0.036
2023-07-11,0.045
2023-07-12,0.095
2023-07-13,0.041
2023-07-14,0.04
2023-07-15,0.041
2023-07-16,0.033
2023-07-17,0.036
2023-07-18,0.033
2023-07-19,0.033
2023-07-20,0.035
2023-07-21,0.032
2023-07-22,0.028
2023-07-23,0.029
2023-07-24,0.047
2023-07-25,0.037
2023-07-26,0.036
2023-07-27,0.057
2023-07-28,0.085
2023-07-29,0.042
2023-07-30,0.039
2023-07-31,0.036
2023-08-01,0.131
2023-08-02,0.122
2023-08-03,0.078
2023-08-04,0.062
2023-08-05,0.044
2023-08-06,0.039
2023-08-07,0.036
2023-08-08,0.033
2023-08-09,0.031
2023-08-10,0.03
2023-08-11,0.028
2023-08-12,0.035
2023-08-13,0.032
2023-08-14,0.029
2023-08-15,0.029
2023-08-16,0.028
2023-08-17,0.027
2023-08-18,0.028
2023-08-19,0.025
2023-08-20,0.023
2023-08-21,0.022
2023-08-22,0.023
2023-08-23,0.022
2023-08-24,0.024
2023-08-25,0.025
2023-08-26,0.024
2023-08-27,0.039
2023-08-28,0.027
2023-08-29,0.025
2023-08-30,0.025
2023-08-31,0.025
2023-09-01,0.055
2023-09-02,0.039
2023-09-03,0.028
2023-09-04,0.026
2023-09-05,0.022
2023-09-06,0.019
2023-09-07,0.02
2023-09-08,0.019
2023-09-09,0.019
2023-09-10,0.018
2023-09-11,0.02
2023-09-12,0.02
2023-09-13,0.019
2023-09-14,0.017
2023-09-15,0.018
2023-09-16,0.023
2023-09-17,0.024
2023-09-18,0.022
2023-09-19,0.019
2023-09-20,0.018
2023-09-21,0.068
2023-09-22,0.049
2023-09-23,0.043
2023-09-24,0.03
2023-09-25,0.025
2023-09-26,0.023
2023-09-27,0.02
2023-09-28,0.02
2023-09-29,0.02
2023-09-30,0.02
2023-10-01,0.019
2023-10-02,0.018
2023-10-03,0.017
2023-10-04,0.015
2023-10-05,0.016
2023-10-06,0.016
2023-10-07,0.016
2023-10-08,0.015
2023-10-09,0.015
2023-10-10,0.014
2023-10-11,0.013
2023-10-12,0.013
2023-10-13,0.013
2023-10-14,0.011
2023-10-15,0.012
2023-10-16,0.013
2023-10-17,0.015
2023-10-18,0.017
2023-10-19,0.057
2023-10-20,0.054
2023-10-21,0.052
2023-10-22,0.099
2023-10-23,0.042
2023-10-24,0.053
2023-10-25,0.097
2023-10-26,0.076
2023-10-27,0.054
2023-10-28,0.065
2023-10-29,0.072
2023-10-30,0.063
2023-10-31,0.057
2023-11-01,0.089
2023-11-02,0.228
2023-11-03,0.152
2023-11-04,0.103
2023-11-05,0.097
2023-11-06,0.081
2023-11-07,0.065
2023-11-08,0.057
2023-11-09,0.098
2023-11-10,0.098
2023-11-11,0.087
2023-11-12,0.69
2023-11-13,0.268
2023-11-14,0.166
2023-11-15,0.139
2023-11-16,0.218
2023-11-17,0.204
2023-11-18,0.219
2023-11-19,0.264
2023-11-20,0.18
2023-11-21,0.315
2023-11-22,0.291
2023-11-23,0.211
2023-11-24,0.18
2023-11-25,0.158
2023-11-26,0.145
2023-11-27,0.152
2023-11-28,0.283
2023-11-29,0.222
2023-11-30,0.201
2023-12-01,0.22
2023-12-02,0.187
2023-12-03,0.173
2023-12-04,0.484
2023-12-05,0.973
2023-12-06,0.794
2023-12-07,1.159
2023-12-08,1.419
2023-12-09,1.597
2023-12-10,1.68
2023-12-11,0.963
2023-12-12,0.706
2023-12-13,0.662
2023-12-14,0.772
2023-12-15,0.609
2023-12-16,0.465
2023-12-17,0.414
2023-12-18,0.389
2023-12-19,0.374
2023-12-20,0.365
2023-12-21,0.391
2023-12-22,0.404
2023-12-23,0.399
2023-12-24,0.367
2023-12-25,0.338
2023-12-26,0.32
2023-12-27,0.364
2023-12-28,0.348
2023-12-29,0.316
2023-12-30,0.296
2023-12-31,0.763
2024-01-01,0.455
2024-01-02,1.236
2024-01-03,1.156
2024-01-04,0.859
2024-01-05,0.748
2024-01-06,1.362
2024-01-07,1.136
2024-01-08,0.849
2024-01-09,0.656
2024-01-10,0.549
2024-01-11,0.469
2024-01-12,0.438
2024-01-13,0.428
2024-01-14,0.417
2024-01-15,0.434
2024-01-16,0.436
2024-01-17,5.382
2024-01-18,6.705
2024-01-19,2.778
2024-01-20,1.657
2024-01-21,1.344
2024-01-22,1.35
2024-01-23,1.121
2024-01-24,1.019
2024-01-25,0.994
2024-01-26,0.99
2024-01-27,0.847
2024-01-28,0.795
2024-01-29,0.699
2024-01-30,0.591
2024-01-31,0.513
2024-02-01,0.491
2024-02-02,0.477
2024-02-03,0.465
2024-02-04,0.444
2024-02-05,0.424
2024-02-06,0.42
2024-02-07,0.416
2024-02-08,0.504
2024-02-09,1.008
2024-02-10,0.652
2024-02-11,0.587
2024-02-12,0.461
2024-02-13,0.403
2024-02-14,0.415
2024-02-15,0.608
2024-02-16,0.459
2024-02-17,0.375
2024-02-18,0.473
2024-02-19,0.482
2024-02-20,0.403
2024-02-21,0.693
2024-02-22,2.075
2024-02-23,1.813
2024-02-24,1.134
2024-02-25,1.169
2024-02-26,3.689
2024-02-27,3.258
2024-02-28,1.518
2024-02-29,1.486
2024-03-01,3.799
2024-03-02,2.569
2024-03-03,1.935
2024-03-04,1.427
2024-03-05,2.171
2024-03-06,1.513
2024-03-07,1.178
2024-03-08,1.06
2024-03-09,1.053
2024-03-10,1.075
2024-03-11,0.855
2024-03-12,0.738
2024-03-13,0.68
2024-03-14,0.615
2024-03-15,0.564
2024-03-16,0.492
2024-03-17,0.474
2024-03-18,0.45
2024-03-19,0.409
2024-03-20,0.417
2024-03-21,0.382
2024-03-22,0.384
2024-03-23,0.443
2024-03-24,0.623
2024-03-25,0.464
2024-03-26,0.438
2024-03-27,0.835
2024-03-28,2.507
2024-03-29,2.195
2024-03-30,1.134
2024-03-31,0.842
2024-04-01,0.767
2024-04-02,0.599
2024-04-03,0.584
2024-04-04,0.812
2024-04-05,0.59
2024-04-06,0.47
2024-04-07,0.422
2024-04-08,0.399
2024-04-09,0.384
2024-04-10,0.343
2024-04-11,0.333
2024-04-12,0.307
2024-04-13,0.29
2024-04-14,0.268
2024-04-15,0.274
2024-04-16,0.264
2024-04-17,0.241
2024-04-18,0.232
2024-04-19,0.216
2024-04-20,0.208
2024-04-21,0.191
2024-04-22,0.183
2024-04-23,0.187
2024-04-24,0.239
2024-04-25,0.209
2024-04-26,0.215
2024-04-27,0.252
2024-04-28,0.569
2024-04-29,0.489
2024-04-30,0.293
2024-05-01,0.294
2024-05-02,0.252
2024-05-03,0.212
2024-05-04,0.196
2024-05-05,0.19
2024-05-06,0.178
2024-05-07,0.169
2024-05-08,0.156
2024-05-09,0.145
2024-05-10,0.139
2024-05-11,0.13
2024-05-12,0.122
2024-05-13,0.123
2024-05-14,0.157
2024-05-15,0.152
2024-05-16,0.153
2024-05-17,0.138
2024-05-18,0.129
2024-05-19,0.115
2024-05-20,0.118
2024-05-21,0.11
2024-05-22,0.101
2024-05-23,0.095
2024-05-24,0.095
2024-05-25,0.082
2024-05-26,0.087
2024-05-27,0.085
2024-05-28,0.085
2024-05-29,0.096
2024-05-30,0.099
2024-05-31,0.074
2024-06-01,0.07
2024-06-02,0.066
2024-06-03,0.064
2024-06-04,0.063
2024-06-05,0.064
2024-06-06,0.055
2024-06-07,0.053
2024-06-08,0.054
2024-06-09,0.053
2024-06-10,0.049
2024-06-11,0.049
2024-06-12,0.045
2024-06-13,0.047
2024-06-14,0.067
2024-06-15,0.068
2024-06-16,0.055
2024-06-17,0.07
2024-06-18,0.119
2024-06-19,0.072
2024-06-20,0.06
2024-06-21,0.051
2024-06-22,0.048
2024-06-23,0.047
2024-06-24,0.043
2024-06-25,0.039
2024-06-26,0.037
2024-06-27,0.036
2024-06-28,0.035
2024-06-29,0.034
2024-06-30,0.034
2024-07-01,0.033
2024-07-02,0.038
2024-07-03,0.042
2024-07-04,0.039
2024-07-05,0.034
2024-07-06,0.034
2024-07-07,0.032
2024-07-08,0.036
2024-07-09,0.046
2024-07-10,0.053
2024-07-11,0.04
2024-07-12,0.038
2024-07-13,0.037
2024-07-14,0.035
2024-07-15,0.039
2024-07-16,0.053
2024-07-17,0.037
2024-07-18,0.033
2024-07-19,0.03
2024-07-20,0.029
2024-07-21,0.03
2024-07-22,0.029
2024-07-23,0.029
2024-07-24,0.029
